origem;destino;veiculo;custo;fluxo;caminho
0;0;0;0;0;{}
0;1;0;0;500.5;{}
0;2;0;0;1001.0;{}
0;3;0;0;1501.5;{}
0;4;0;621.09;2002.0;{(0, 1): 0, (1, 2): 0, (2, 9): 304.515, (2, 3): 0, (3, 4): 621.09}
0;5;0;615.06;2002.0;{(0, 1): 0, (1, 2): 0, (2, 9): 304.515, (2, 3): 0, (3, 4): 621.09, (3, 5): 615.06}
0;6;0;1025.1;3003.0;{(0, 1): 0, (1, 2): 0, (2, 9): 304.515, (2, 3): 0, (3, 4): 621.09, (3, 5): 615.06, (4, 7): 123.61499999999998, (4, 8): 162.81, (5, 8): 159.795, (5, 10): 61.50599999999999, (8, 6): 250.245}
0;7;0;744.705;2502.5;{(0, 1): 0, (1, 2): 0, (2, 9): 304.515, (2, 3): 0, (3, 4): 621.09, (3, 5): 615.06, (4, 7): 123.61499999999998}
0;8;0;774.8549999999999;2502.5;{(0, 1): 0, (1, 2): 0, (2, 9): 304.515, (2, 3): 0, (3, 4): 621.09, (3, 5): 615.06, (4, 7): 123.61499999999998, (4, 8): 162.81}
0;9;0;304.515;1501.5;{(0, 1): 0, (1, 2): 0, (2, 9): 304.515}
0;10;0;341.901;2002.0;{(0, 1): 0, (1, 2): 0, (2, 9): 304.515, (2, 3): 0, (3, 4): 621.09, (3, 5): 615.06, (4, 7): 123.61499999999998, (4, 8): 162.81, (5, 8): 159.795, (5, 10): 61.50599999999999}
1;0;0;inf;inf;{}
1;1;0;0;0;{}
1;2;0;0;500.5;{}
1;3;0;0;1001.0;{}
1;4;0;621.09;1501.5;{(1, 2): 0, (2, 9): 304.515, (2, 3): 0, (3, 4): 621.09}
1;5;0;615.06;1501.5;{(1, 2): 0, (2, 9): 304.515, (2, 3): 0, (3, 4): 621.09, (3, 5): 615.06}
1;6;0;1025.1;2502.5;{(1, 2): 0, (2, 9): 304.515, (2, 3): 0, (3, 4): 621.09, (3, 5): 615.06, (4, 7): 123.61499999999998, (4, 8): 162.81, (5, 8): 159.795, (5, 10): 61.50599999999999, (8, 6): 250.245}
1;7;0;744.705;2002.0;{(1, 2): 0, (2, 9): 304.515, (2, 3): 0, (3, 4): 621.09, (3, 5): 615.06, (4, 7): 123.61499999999998}
1;8;0;774.8549999999999;2002.0;{(1, 2): 0, (2, 9): 304.515, (2, 3): 0, (3, 4): 621.09, (3, 5): 615.06, (4, 7): 123.61499999999998, (4, 8): 162.81}
1;9;0;304.515;1001.0;{(1, 2): 0, (2, 9): 304.515}
1;10;0;341.901;1501.5;{(1, 2): 0, (2, 9): 304.515, (2, 3): 0, (3, 4): 621.09, (3, 5): 615.06, (4, 7): 123.61499999999998, (4, 8): 162.81, (5, 8): 159.795, (5, 10): 61.50599999999999}
2;0;0;inf;inf;{}
2;1;0;inf;inf;{}
2;2;0;0;0;{}
2;3;0;0;500.5;{}
2;4;0;621.09;1001.0;{(2, 9): 304.515, (2, 3): 0, (3, 4): 621.09}
2;5;0;615.06;1001.0;{(2, 9): 304.515, (2, 3): 0, (3, 4): 621.09, (3, 5): 615.06}
2;6;0;1025.1;2002.0;{(2, 9): 304.515, (2, 3): 0, (3, 4): 621.09, (3, 5): 615.06, (4, 7): 123.61499999999998, (4, 8): 162.81, (5, 8): 159.795, (5, 10): 61.50599999999999, (8, 6): 250.245}
2;7;0;744.705;1501.5;{(2, 9): 304.515, (2, 3): 0, (3, 4): 621.09, (3, 5): 615.06, (4, 7): 123.61499999999998}
2;8;0;774.8549999999999;1501.5;{(2, 9): 304.515, (2, 3): 0, (3, 4): 621.09, (3, 5): 615.06, (4, 7): 123.61499999999998, (4, 8): 162.81}
2;9;0;304.515;500.5;{(2, 9): 304.515}
2;10;0;341.901;1001.0;{(2, 9): 304.515, (2, 3): 0, (3, 4): 621.09, (3, 5): 615.06, (4, 7): 123.61499999999998, (4, 8): 162.81, (5, 8): 159.795, (5, 10): 61.50599999999999}
3;0;0;inf;inf;{}
3;1;0;inf;inf;{}
3;2;0;inf;inf;{}
3;3;0;0;0;{}
3;4;0;621.09;500.5;{(3, 4): 621.09}
3;5;0;615.06;500.5;{(3, 4): 621.09, (3, 5): 615.06}
3;6;0;1025.1;1501.5;{(3, 4): 621.09, (3, 5): 615.06, (4, 7): 123.61499999999998, (4, 8): 162.81, (5, 8): 159.795, (5, 9): 186.93, (5, 10): 61.50599999999999, (8, 6): 250.245}
3;7;0;744.705;1001.0;{(3, 4): 621.09, (3, 5): 615.06, (4, 7): 123.61499999999998}
3;8;0;774.8549999999999;1001.0;{(3, 4): 621.09, (3, 5): 615.06, (4, 7): 123.61499999999998, (4, 8): 162.81}
3;9;0;801.99;1001.0;{(3, 4): 621.09, (3, 5): 615.06, (4, 7): 123.61499999999998, (4, 8): 162.81, (5, 8): 159.795, (5, 9): 186.93}
3;10;0;676.5659999999999;1001.0;{(3, 4): 621.09, (3, 5): 615.06, (4, 7): 123.61499999999998, (4, 8): 162.81, (5, 8): 159.795, (5, 9): 186.93, (5, 10): 61.50599999999999}
4;0;0;inf;inf;{}
4;1;0;inf;inf;{}
4;2;0;inf;inf;{}
4;3;0;inf;inf;{}
4;4;0;0;0;{}
4;5;0;inf;inf;{}
4;6;0;413.055;1001.0;{(4, 7): 123.61499999999998, (4, 8): 162.81, (8, 6): 250.245}
4;7;0;123.61499999999998;500.5;{(4, 7): 123.61499999999998}
4;8;0;162.81;500.5;{(4, 7): 123.61499999999998, (4, 8): 162.81}
4;9;0;inf;inf;{}
4;10;0;150.147;1001.0;{(4, 7): 123.61499999999998, (4, 8): 162.81, (8, 6): 250.245, (6, 10): 15.678}
5;0;0;inf;inf;{}
5;1;0;inf;inf;{}
5;2;0;inf;inf;{}
5;3;0;inf;inf;{}
5;4;0;inf;inf;{}
5;5;0;0;0;{}
5;6;0;410.03999999999996;1001.0;{(5, 8): 159.795, (5, 9): 186.93, (5, 10): 61.50599999999999, (8, 6): 250.245}
5;7;0;inf;inf;{}
5;8;0;159.795;500.5;{(5, 8): 159.795}
5;9;0;186.93;500.5;{(5, 8): 159.795, (5, 9): 186.93}
5;10;0;61.50599999999999;500.5;{(5, 8): 159.795, (5, 9): 186.93, (5, 10): 61.50599999999999}
6;0;0;inf;inf;{}
6;1;0;inf;inf;{}
6;2;0;inf;inf;{}
6;3;0;inf;inf;{}
6;4;0;inf;inf;{}
6;5;0;inf;inf;{}
6;6;0;0;0;{}
6;7;0;inf;inf;{}
6;8;0;inf;inf;{}
6;9;0;inf;inf;{}
6;10;0;15.678;500.5;{(6, 10): 15.678}
7;0;0;inf;inf;{}
7;1;0;inf;inf;{}
7;2;0;inf;inf;{}
7;3;0;inf;inf;{}
7;4;0;inf;inf;{}
7;5;0;inf;inf;{}
7;6;0;376.875;1001.0;{(7, 8): 126.63, (7, 10): 26.532, (8, 6): 250.245}
7;7;0;0;0;{}
7;8;0;126.63;500.5;{(7, 8): 126.63}
7;9;0;inf;inf;{}
7;10;0;26.532;500.5;{(7, 8): 126.63, (7, 10): 26.532}
8;0;0;inf;inf;{}
8;1;0;inf;inf;{}
8;2;0;inf;inf;{}
8;3;0;inf;inf;{}
8;4;0;inf;inf;{}
8;5;0;inf;inf;{}
8;6;0;250.245;500.5;{(8, 6): 250.245}
8;7;0;inf;inf;{}
8;8;0;0;0;{}
8;9;0;inf;inf;{}
8;10;0;63.91799999999999;500.5;{(8, 6): 250.245, (6, 10): 15.678}
9;0;0;inf;inf;{}
9;1;0;inf;inf;{}
9;2;0;inf;inf;{}
9;3;0;inf;inf;{}
9;4;0;inf;inf;{}
9;5;0;inf;inf;{}
9;6;0;inf;inf;{}
9;7;0;inf;inf;{}
9;8;0;inf;inf;{}
9;9;0;0;0;{}
9;10;0;37.386;500.5;{(9, 10): 37.386}
10;0;0;inf;inf;{}
10;1;0;inf;inf;{}
10;2;0;inf;inf;{}
10;3;0;inf;inf;{}
10;4;0;inf;inf;{}
10;5;0;inf;inf;{}
10;6;0;inf;inf;{}
10;7;0;inf;inf;{}
10;8;0;inf;inf;{}
10;9;0;inf;inf;{}
10;10;0;0;0;{}
0;0;1;0;0;{}
0;1;1;0;500.5;{}
0;2;1;0;1001.0;{}
0;3;1;0;1501.5;{}
0;4;1;621.09;2002.0;{(0, 1): 0, (1, 2): 0, (2, 9): 304.515, (2, 3): 0, (3, 4): 621.09}
0;5;1;615.06;2002.0;{(0, 1): 0, (1, 2): 0, (2, 9): 304.515, (2, 3): 0, (3, 4): 621.09, (3, 5): 615.06}
0;6;1;1025.1;3003.0;{(0, 1): 0, (1, 2): 0, (2, 9): 304.515, (2, 3): 0, (3, 4): 621.09, (3, 5): 615.06, (4, 7): 123.61499999999998, (4, 8): 162.81, (5, 8): 159.795, (5, 10): 61.50599999999999, (8, 6): 250.245}
0;7;1;744.705;2502.5;{(0, 1): 0, (1, 2): 0, (2, 9): 304.515, (2, 3): 0, (3, 4): 621.09, (3, 5): 615.06, (4, 7): 123.61499999999998}
0;8;1;774.8549999999999;2502.5;{(0, 1): 0, (1, 2): 0, (2, 9): 304.515, (2, 3): 0, (3, 4): 621.09, (3, 5): 615.06, (4, 7): 123.61499999999998, (4, 8): 162.81}
0;9;1;304.515;1501.5;{(0, 1): 0, (1, 2): 0, (2, 9): 304.515}
0;10;1;341.901;2002.0;{(0, 1): 0, (1, 2): 0, (2, 9): 304.515, (2, 3): 0, (3, 4): 621.09, (3, 5): 615.06, (4, 7): 123.61499999999998, (4, 8): 162.81, (5, 8): 159.795, (5, 10): 61.50599999999999}
1;0;1;inf;inf;{}
1;1;1;0;0;{}
1;2;1;0;500.5;{}
1;3;1;0;1001.0;{}
1;4;1;621.09;1501.5;{(1, 2): 0, (2, 9): 304.515, (2, 3): 0, (3, 4): 621.09}
1;5;1;615.06;1501.5;{(1, 2): 0, (2, 9): 304.515, (2, 3): 0, (3, 4): 621.09, (3, 5): 615.06}
1;6;1;1025.1;2502.5;{(1, 2): 0, (2, 9): 304.515, (2, 3): 0, (3, 4): 621.09, (3, 5): 615.06, (4, 7): 123.61499999999998, (4, 8): 162.81, (5, 8): 159.795, (5, 10): 61.50599999999999, (8, 6): 250.245}
1;7;1;744.705;2002.0;{(1, 2): 0, (2, 9): 304.515, (2, 3): 0, (3, 4): 621.09, (3, 5): 615.06, (4, 7): 123.61499999999998}
1;8;1;774.8549999999999;2002.0;{(1, 2): 0, (2, 9): 304.515, (2, 3): 0, (3, 4): 621.09, (3, 5): 615.06, (4, 7): 123.61499999999998, (4, 8): 162.81}
1;9;1;304.515;1001.0;{(1, 2): 0, (2, 9): 304.515}
1;10;1;341.901;1501.5;{(1, 2): 0, (2, 9): 304.515, (2, 3): 0, (3, 4): 621.09, (3, 5): 615.06, (4, 7): 123.61499999999998, (4, 8): 162.81, (5, 8): 159.795, (5, 10): 61.50599999999999}
2;0;1;inf;inf;{}
2;1;1;inf;inf;{}
2;2;1;0;0;{}
2;3;1;0;500.5;{}
2;4;1;621.09;1001.0;{(2, 9): 304.515, (2, 3): 0, (3, 4): 621.09}
2;5;1;615.06;1001.0;{(2, 9): 304.515, (2, 3): 0, (3, 4): 621.09, (3, 5): 615.06}
2;6;1;1025.1;2002.0;{(2, 9): 304.515, (2, 3): 0, (3, 4): 621.09, (3, 5): 615.06, (4, 7): 123.61499999999998, (4, 8): 162.81, (5, 8): 159.795, (5, 10): 61.50599999999999, (8, 6): 250.245}
2;7;1;744.705;1501.5;{(2, 9): 304.515, (2, 3): 0, (3, 4): 621.09, (3, 5): 615.06, (4, 7): 123.61499999999998}
2;8;1;774.8549999999999;1501.5;{(2, 9): 304.515, (2, 3): 0, (3, 4): 621.09, (3, 5): 615.06, (4, 7): 123.61499999999998, (4, 8): 162.81}
2;9;1;304.515;500.5;{(2, 9): 304.515}
2;10;1;341.901;1001.0;{(2, 9): 304.515, (2, 3): 0, (3, 4): 621.09, (3, 5): 615.06, (4, 7): 123.61499999999998, (4, 8): 162.81, (5, 8): 159.795, (5, 10): 61.50599999999999}
3;0;1;inf;inf;{}
3;1;1;inf;inf;{}
3;2;1;inf;inf;{}
3;3;1;0;0;{}
3;4;1;621.09;500.5;{(3, 4): 621.09}
3;5;1;615.06;500.5;{(3, 4): 621.09, (3, 5): 615.06}
3;6;1;1025.1;1501.5;{(3, 4): 621.09, (3, 5): 615.06, (4, 7): 123.61499999999998, (4, 8): 162.81, (5, 8): 159.795, (5, 9): 186.93, (5, 10): 61.50599999999999, (8, 6): 250.245}
3;7;1;744.705;1001.0;{(3, 4): 621.09, (3, 5): 615.06, (4, 7): 123.61499999999998}
3;8;1;774.8549999999999;1001.0;{(3, 4): 621.09, (3, 5): 615.06, (4, 7): 123.61499999999998, (4, 8): 162.81}
3;9;1;801.99;1001.0;{(3, 4): 621.09, (3, 5): 615.06, (4, 7): 123.61499999999998, (4, 8): 162.81, (5, 8): 159.795, (5, 9): 186.93}
3;10;1;676.5659999999999;1001.0;{(3, 4): 621.09, (3, 5): 615.06, (4, 7): 123.61499999999998, (4, 8): 162.81, (5, 8): 159.795, (5, 9): 186.93, (5, 10): 61.50599999999999}
4;0;1;inf;inf;{}
4;1;1;inf;inf;{}
4;2;1;inf;inf;{}
4;3;1;inf;inf;{}
4;4;1;0;0;{}
4;5;1;inf;inf;{}
4;6;1;413.055;1001.0;{(4, 7): 123.61499999999998, (4, 8): 162.81, (8, 6): 250.245}
4;7;1;123.61499999999998;500.5;{(4, 7): 123.61499999999998}
4;8;1;162.81;500.5;{(4, 7): 123.61499999999998, (4, 8): 162.81}
4;9;1;inf;inf;{}
4;10;1;150.147;1001.0;{(4, 7): 123.61499999999998, (4, 8): 162.81, (8, 6): 250.245, (6, 10): 15.678}
5;0;1;inf;inf;{}
5;1;1;inf;inf;{}
5;2;1;inf;inf;{}
5;3;1;inf;inf;{}
5;4;1;inf;inf;{}
5;5;1;0;0;{}
5;6;1;410.03999999999996;1001.0;{(5, 8): 159.795, (5, 9): 186.93, (5, 10): 61.50599999999999, (8, 6): 250.245}
5;7;1;inf;inf;{}
5;8;1;159.795;500.5;{(5, 8): 159.795}
5;9;1;186.93;500.5;{(5, 8): 159.795, (5, 9): 186.93}
5;10;1;61.50599999999999;500.5;{(5, 8): 159.795, (5, 9): 186.93, (5, 10): 61.50599999999999}
6;0;1;inf;inf;{}
6;1;1;inf;inf;{}
6;2;1;inf;inf;{}
6;3;1;inf;inf;{}
6;4;1;inf;inf;{}
6;5;1;inf;inf;{}
6;6;1;0;0;{}
6;7;1;inf;inf;{}
6;8;1;inf;inf;{}
6;9;1;inf;inf;{}
6;10;1;15.678;500.5;{(6, 10): 15.678}
7;0;1;inf;inf;{}
7;1;1;inf;inf;{}
7;2;1;inf;inf;{}
7;3;1;inf;inf;{}
7;4;1;inf;inf;{}
7;5;1;inf;inf;{}
7;6;1;376.875;1001.0;{(7, 8): 126.63, (7, 10): 26.532, (8, 6): 250.245}
7;7;1;0;0;{}
7;8;1;126.63;500.5;{(7, 8): 126.63}
7;9;1;inf;inf;{}
7;10;1;26.532;500.5;{(7, 8): 126.63, (7, 10): 26.532}
8;0;1;inf;inf;{}
8;1;1;inf;inf;{}
8;2;1;inf;inf;{}
8;3;1;inf;inf;{}
8;4;1;inf;inf;{}
8;5;1;inf;inf;{}
8;6;1;250.245;500.5;{(8, 6): 250.245}
8;7;1;inf;inf;{}
8;8;1;0;0;{}
8;9;1;inf;inf;{}
8;10;1;63.91799999999999;500.5;{(8, 6): 250.245, (6, 10): 15.678}
9;0;1;inf;inf;{}
9;1;1;inf;inf;{}
9;2;1;inf;inf;{}
9;3;1;inf;inf;{}
9;4;1;inf;inf;{}
9;5;1;inf;inf;{}
9;6;1;inf;inf;{}
9;7;1;inf;inf;{}
9;8;1;inf;inf;{}
9;9;1;0;0;{}
9;10;1;37.386;500.5;{(9, 10): 37.386}
10;0;1;inf;inf;{}
10;1;1;inf;inf;{}
10;2;1;inf;inf;{}
10;3;1;inf;inf;{}
10;4;1;inf;inf;{}
10;5;1;inf;inf;{}
10;6;1;inf;inf;{}
10;7;1;inf;inf;{}
10;8;1;inf;inf;{}
10;9;1;inf;inf;{}
10;10;1;0;0;{}
0;0;2;0;0;{}
0;1;2;0;200.5;{}
0;2;2;0;401.0;{}
0;3;2;0;601.5;{}
0;4;2;415.09;802.0;{(0, 1): 0, (1, 2): 0, (2, 9): 203.515, (2, 3): 0, (3, 4): 415.09}
0;5;2;411.05999999999995;802.0;{(0, 1): 0, (1, 2): 0, (2, 9): 203.515, (2, 3): 0, (3, 4): 415.09, (3, 5): 411.05999999999995}
0;6;2;685.0999999999999;1203.0;{(0, 1): 0, (1, 2): 0, (2, 9): 203.515, (2, 3): 0, (3, 4): 415.09, (3, 5): 411.05999999999995, (4, 7): 82.61499999999998, (4, 8): 108.81, (5, 8): 106.79499999999999, (5, 10): 41.105999999999995, (8, 6): 167.245}
0;7;2;497.7049999999999;1002.5;{(0, 1): 0, (1, 2): 0, (2, 9): 203.515, (2, 3): 0, (3, 4): 415.09, (3, 5): 411.05999999999995, (4, 7): 82.61499999999998}
0;8;2;517.8549999999999;1002.5;{(0, 1): 0, (1, 2): 0, (2, 9): 203.515, (2, 3): 0, (3, 4): 415.09, (3, 5): 411.05999999999995, (4, 7): 82.61499999999998, (4, 8): 108.81}
0;9;2;203.515;601.5;{(0, 1): 0, (1, 2): 0, (2, 9): 203.515}
0;10;2;228.50099999999998;802.0;{(0, 1): 0, (1, 2): 0, (2, 9): 203.515, (2, 3): 0, (3, 4): 415.09, (3, 5): 411.05999999999995, (4, 7): 82.61499999999998, (4, 8): 108.81, (5, 8): 106.79499999999999, (5, 10): 41.105999999999995}
1;0;2;inf;inf;{}
1;1;2;0;0;{}
1;2;2;0;200.5;{}
1;3;2;0;401.0;{}
1;4;2;415.09;601.5;{(1, 2): 0, (2, 9): 203.515, (2, 3): 0, (3, 4): 415.09}
1;5;2;411.05999999999995;601.5;{(1, 2): 0, (2, 9): 203.515, (2, 3): 0, (3, 4): 415.09, (3, 5): 411.05999999999995}
1;6;2;685.0999999999999;1002.5;{(1, 2): 0, (2, 9): 203.515, (2, 3): 0, (3, 4): 415.09, (3, 5): 411.05999999999995, (4, 7): 82.61499999999998, (4, 8): 108.81, (5, 8): 106.79499999999999, (5, 10): 41.105999999999995, (8, 6): 167.245}
1;7;2;497.7049999999999;802.0;{(1, 2): 0, (2, 9): 203.515, (2, 3): 0, (3, 4): 415.09, (3, 5): 411.05999999999995, (4, 7): 82.61499999999998}
1;8;2;517.8549999999999;802.0;{(1, 2): 0, (2, 9): 203.515, (2, 3): 0, (3, 4): 415.09, (3, 5): 411.05999999999995, (4, 7): 82.61499999999998, (4, 8): 108.81}
1;9;2;203.515;401.0;{(1, 2): 0, (2, 9): 203.515}
1;10;2;228.50099999999998;601.5;{(1, 2): 0, (2, 9): 203.515, (2, 3): 0, (3, 4): 415.09, (3, 5): 411.05999999999995, (4, 7): 82.61499999999998, (4, 8): 108.81, (5, 8): 106.79499999999999, (5, 10): 41.105999999999995}
2;0;2;inf;inf;{}
2;1;2;inf;inf;{}
2;2;2;0;0;{}
2;3;2;0;200.5;{}
2;4;2;415.09;401.0;{(2, 9): 203.515, (2, 3): 0, (3, 4): 415.09}
2;5;2;411.05999999999995;401.0;{(2, 9): 203.515, (2, 3): 0, (3, 4): 415.09, (3, 5): 411.05999999999995}
2;6;2;685.0999999999999;802.0;{(2, 9): 203.515, (2, 3): 0, (3, 4): 415.09, (3, 5): 411.05999999999995, (4, 7): 82.61499999999998, (4, 8): 108.81, (5, 8): 106.79499999999999, (5, 10): 41.105999999999995, (8, 6): 167.245}
2;7;2;497.7049999999999;601.5;{(2, 9): 203.515, (2, 3): 0, (3, 4): 415.09, (3, 5): 411.05999999999995, (4, 7): 82.61499999999998}
2;8;2;517.8549999999999;601.5;{(2, 9): 203.515, (2, 3): 0, (3, 4): 415.09, (3, 5): 411.05999999999995, (4, 7): 82.61499999999998, (4, 8): 108.81}
2;9;2;203.515;200.5;{(2, 9): 203.515}
2;10;2;228.50099999999998;401.0;{(2, 9): 203.515, (2, 3): 0, (3, 4): 415.09, (3, 5): 411.05999999999995, (4, 7): 82.61499999999998, (4, 8): 108.81, (5, 8): 106.79499999999999, (5, 10): 41.105999999999995}
3;0;2;inf;inf;{}
3;1;2;inf;inf;{}
3;2;2;inf;inf;{}
3;3;2;0;0;{}
3;4;2;415.09;200.5;{(3, 4): 415.09}
3;5;2;411.05999999999995;200.5;{(3, 4): 415.09, (3, 5): 411.05999999999995}
3;6;2;685.0999999999999;601.5;{(3, 4): 415.09, (3, 5): 411.05999999999995, (4, 7): 82.61499999999998, (4, 8): 108.81, (5, 8): 106.79499999999999, (5, 9): 124.92999999999999, (5, 10): 41.105999999999995, (8, 6): 167.245}
3;7;2;497.7049999999999;401.0;{(3, 4): 415.09, (3, 5): 411.05999999999995, (4, 7): 82.61499999999998}
3;8;2;517.8549999999999;401.0;{(3, 4): 415.09, (3, 5): 411.05999999999995, (4, 7): 82.61499999999998, (4, 8): 108.81}
3;9;2;535.9899999999999;401.0;{(3, 4): 415.09, (3, 5): 411.05999999999995, (4, 7): 82.61499999999998, (4, 8): 108.81, (5, 8): 106.79499999999999, (5, 9): 124.92999999999999}
3;10;2;452.16599999999994;401.0;{(3, 4): 415.09, (3, 5): 411.05999999999995, (4, 7): 82.61499999999998, (4, 8): 108.81, (5, 8): 106.79499999999999, (5, 9): 124.92999999999999, (5, 10): 41.105999999999995}
4;0;2;inf;inf;{}
4;1;2;inf;inf;{}
4;2;2;inf;inf;{}
4;3;2;inf;inf;{}
4;4;2;0;0;{}
4;5;2;inf;inf;{}
4;6;2;276.055;401.0;{(4, 7): 82.61499999999998, (4, 8): 108.81, (8, 6): 167.245}
4;7;2;82.61499999999998;200.5;{(4, 7): 82.61499999999998}
4;8;2;108.81;200.5;{(4, 7): 82.61499999999998, (4, 8): 108.81}
4;9;2;inf;inf;{}
4;10;2;100.34699999999998;401.0;{(4, 7): 82.61499999999998, (4, 8): 108.81, (8, 6): 167.245, (6, 10): 10.478}
5;0;2;inf;inf;{}
5;1;2;inf;inf;{}
5;2;2;inf;inf;{}
5;3;2;inf;inf;{}
5;4;2;inf;inf;{}
5;5;2;0;0;{}
5;6;2;274.03999999999996;401.0;{(5, 8): 106.79499999999999, (5, 9): 124.92999999999999, (5, 10): 41.105999999999995, (8, 6): 167.245}
5;7;2;inf;inf;{}
5;8;2;106.79499999999999;200.5;{(5, 8): 106.79499999999999}
5;9;2;124.92999999999999;200.5;{(5, 8): 106.79499999999999, (5, 9): 124.92999999999999}
5;10;2;41.105999999999995;200.5;{(5, 8): 106.79499999999999, (5, 9): 124.92999999999999, (5, 10): 41.105999999999995}
6;0;2;inf;inf;{}
6;1;2;inf;inf;{}
6;2;2;inf;inf;{}
6;3;2;inf;inf;{}
6;4;2;inf;inf;{}
6;5;2;inf;inf;{}
6;6;2;0;0;{}
6;7;2;inf;inf;{}
6;8;2;inf;inf;{}
6;9;2;inf;inf;{}
6;10;2;10.478;200.5;{(6, 10): 10.478}
7;0;2;inf;inf;{}
7;1;2;inf;inf;{}
7;2;2;inf;inf;{}
7;3;2;inf;inf;{}
7;4;2;inf;inf;{}
7;5;2;inf;inf;{}
7;6;2;251.875;401.0;{(7, 8): 84.63, (7, 10): 17.732, (8, 6): 167.245}
7;7;2;0;0;{}
7;8;2;84.63;200.5;{(7, 8): 84.63}
7;9;2;inf;inf;{}
7;10;2;17.732;200.5;{(7, 8): 84.63, (7, 10): 17.732}
8;0;2;inf;inf;{}
8;1;2;inf;inf;{}
8;2;2;inf;inf;{}
8;3;2;inf;inf;{}
8;4;2;inf;inf;{}
8;5;2;inf;inf;{}
8;6;2;167.245;200.5;{(8, 6): 167.245}
8;7;2;inf;inf;{}
8;8;2;0;0;{}
8;9;2;inf;inf;{}
8;10;2;42.717999999999996;200.5;{(8, 6): 167.245, (6, 10): 10.478}
9;0;2;inf;inf;{}
9;1;2;inf;inf;{}
9;2;2;inf;inf;{}
9;3;2;inf;inf;{}
9;4;2;inf;inf;{}
9;5;2;inf;inf;{}
9;6;2;inf;inf;{}
9;7;2;inf;inf;{}
9;8;2;inf;inf;{}
9;9;2;0;0;{}
9;10;2;24.985999999999997;200.5;{(9, 10): 24.985999999999997}
10;0;2;inf;inf;{}
10;1;2;inf;inf;{}
10;2;2;inf;inf;{}
10;3;2;inf;inf;{}
10;4;2;inf;inf;{}
10;5;2;inf;inf;{}
10;6;2;inf;inf;{}
10;7;2;inf;inf;{}
10;8;2;inf;inf;{}
10;9;2;inf;inf;{}
10;10;2;0;0;{}
0;0;3;0;0;{}
0;1;3;0;200.5;{}
0;2;3;0;401.0;{}
0;3;3;0;601.5;{}
0;4;3;415.09;802.0;{(0, 1): 0, (1, 2): 0, (2, 9): 203.515, (2, 3): 0, (3, 4): 415.09}
0;5;3;411.05999999999995;802.0;{(0, 1): 0, (1, 2): 0, (2, 9): 203.515, (2, 3): 0, (3, 4): 415.09, (3, 5): 411.05999999999995}
0;6;3;685.0999999999999;1203.0;{(0, 1): 0, (1, 2): 0, (2, 9): 203.515, (2, 3): 0, (3, 4): 415.09, (3, 5): 411.05999999999995, (4, 7): 82.61499999999998, (4, 8): 108.81, (5, 8): 106.79499999999999, (5, 10): 41.105999999999995, (8, 6): 167.245}
0;7;3;497.7049999999999;1002.5;{(0, 1): 0, (1, 2): 0, (2, 9): 203.515, (2, 3): 0, (3, 4): 415.09, (3, 5): 411.05999999999995, (4, 7): 82.61499999999998}
0;8;3;517.8549999999999;1002.5;{(0, 1): 0, (1, 2): 0, (2, 9): 203.515, (2, 3): 0, (3, 4): 415.09, (3, 5): 411.05999999999995, (4, 7): 82.61499999999998, (4, 8): 108.81}
0;9;3;203.515;601.5;{(0, 1): 0, (1, 2): 0, (2, 9): 203.515}
0;10;3;228.50099999999998;802.0;{(0, 1): 0, (1, 2): 0, (2, 9): 203.515, (2, 3): 0, (3, 4): 415.09, (3, 5): 411.05999999999995, (4, 7): 82.61499999999998, (4, 8): 108.81, (5, 8): 106.79499999999999, (5, 10): 41.105999999999995}
1;0;3;inf;inf;{}
1;1;3;0;0;{}
1;2;3;0;200.5;{}
1;3;3;0;401.0;{}
1;4;3;415.09;601.5;{(1, 2): 0, (2, 9): 203.515, (2, 3): 0, (3, 4): 415.09}
1;5;3;411.05999999999995;601.5;{(1, 2): 0, (2, 9): 203.515, (2, 3): 0, (3, 4): 415.09, (3, 5): 411.05999999999995}
1;6;3;685.0999999999999;1002.5;{(1, 2): 0, (2, 9): 203.515, (2, 3): 0, (3, 4): 415.09, (3, 5): 411.05999999999995, (4, 7): 82.61499999999998, (4, 8): 108.81, (5, 8): 106.79499999999999, (5, 10): 41.105999999999995, (8, 6): 167.245}
1;7;3;497.7049999999999;802.0;{(1, 2): 0, (2, 9): 203.515, (2, 3): 0, (3, 4): 415.09, (3, 5): 411.05999999999995, (4, 7): 82.61499999999998}
1;8;3;517.8549999999999;802.0;{(1, 2): 0, (2, 9): 203.515, (2, 3): 0, (3, 4): 415.09, (3, 5): 411.05999999999995, (4, 7): 82.61499999999998, (4, 8): 108.81}
1;9;3;203.515;401.0;{(1, 2): 0, (2, 9): 203.515}
1;10;3;228.50099999999998;601.5;{(1, 2): 0, (2, 9): 203.515, (2, 3): 0, (3, 4): 415.09, (3, 5): 411.05999999999995, (4, 7): 82.61499999999998, (4, 8): 108.81, (5, 8): 106.79499999999999, (5, 10): 41.105999999999995}
2;0;3;inf;inf;{}
2;1;3;inf;inf;{}
2;2;3;0;0;{}
2;3;3;0;200.5;{}
2;4;3;415.09;401.0;{(2, 9): 203.515, (2, 3): 0, (3, 4): 415.09}
2;5;3;411.05999999999995;401.0;{(2, 9): 203.515, (2, 3): 0, (3, 4): 415.09, (3, 5): 411.05999999999995}
2;6;3;685.0999999999999;802.0;{(2, 9): 203.515, (2, 3): 0, (3, 4): 415.09, (3, 5): 411.05999999999995, (4, 7): 82.61499999999998, (4, 8): 108.81, (5, 8): 106.79499999999999, (5, 10): 41.105999999999995, (8, 6): 167.245}
2;7;3;497.7049999999999;601.5;{(2, 9): 203.515, (2, 3): 0, (3, 4): 415.09, (3, 5): 411.05999999999995, (4, 7): 82.61499999999998}
2;8;3;517.8549999999999;601.5;{(2, 9): 203.515, (2, 3): 0, (3, 4): 415.09, (3, 5): 411.05999999999995, (4, 7): 82.61499999999998, (4, 8): 108.81}
2;9;3;203.515;200.5;{(2, 9): 203.515}
2;10;3;228.50099999999998;401.0;{(2, 9): 203.515, (2, 3): 0, (3, 4): 415.09, (3, 5): 411.05999999999995, (4, 7): 82.61499999999998, (4, 8): 108.81, (5, 8): 106.79499999999999, (5, 10): 41.105999999999995}
3;0;3;inf;inf;{}
3;1;3;inf;inf;{}
3;2;3;inf;inf;{}
3;3;3;0;0;{}
3;4;3;415.09;200.5;{(3, 4): 415.09}
3;5;3;411.05999999999995;200.5;{(3, 4): 415.09, (3, 5): 411.05999999999995}
3;6;3;685.0999999999999;601.5;{(3, 4): 415.09, (3, 5): 411.05999999999995, (4, 7): 82.61499999999998, (4, 8): 108.81, (5, 8): 106.79499999999999, (5, 9): 124.92999999999999, (5, 10): 41.105999999999995, (8, 6): 167.245}
3;7;3;497.7049999999999;401.0;{(3, 4): 415.09, (3, 5): 411.05999999999995, (4, 7): 82.61499999999998}
3;8;3;517.8549999999999;401.0;{(3, 4): 415.09, (3, 5): 411.05999999999995, (4, 7): 82.61499999999998, (4, 8): 108.81}
3;9;3;535.9899999999999;401.0;{(3, 4): 415.09, (3, 5): 411.05999999999995, (4, 7): 82.61499999999998, (4, 8): 108.81, (5, 8): 106.79499999999999, (5, 9): 124.92999999999999}
3;10;3;452.16599999999994;401.0;{(3, 4): 415.09, (3, 5): 411.05999999999995, (4, 7): 82.61499999999998, (4, 8): 108.81, (5, 8): 106.79499999999999, (5, 9): 124.92999999999999, (5, 10): 41.105999999999995}
4;0;3;inf;inf;{}
4;1;3;inf;inf;{}
4;2;3;inf;inf;{}
4;3;3;inf;inf;{}
4;4;3;0;0;{}
4;5;3;inf;inf;{}
4;6;3;276.055;401.0;{(4, 7): 82.61499999999998, (4, 8): 108.81, (8, 6): 167.245}
4;7;3;82.61499999999998;200.5;{(4, 7): 82.61499999999998}
4;8;3;108.81;200.5;{(4, 7): 82.61499999999998, (4, 8): 108.81}
4;9;3;inf;inf;{}
4;10;3;100.34699999999998;401.0;{(4, 7): 82.61499999999998, (4, 8): 108.81, (8, 6): 167.245, (6, 10): 10.478}
5;0;3;inf;inf;{}
5;1;3;inf;inf;{}
5;2;3;inf;inf;{}
5;3;3;inf;inf;{}
5;4;3;inf;inf;{}
5;5;3;0;0;{}
5;6;3;274.03999999999996;401.0;{(5, 8): 106.79499999999999, (5, 9): 124.92999999999999, (5, 10): 41.105999999999995, (8, 6): 167.245}
5;7;3;inf;inf;{}
5;8;3;106.79499999999999;200.5;{(5, 8): 106.79499999999999}
5;9;3;124.92999999999999;200.5;{(5, 8): 106.79499999999999, (5, 9): 124.92999999999999}
5;10;3;41.105999999999995;200.5;{(5, 8): 106.79499999999999, (5, 9): 124.92999999999999, (5, 10): 41.105999999999995}
6;0;3;inf;inf;{}
6;1;3;inf;inf;{}
6;2;3;inf;inf;{}
6;3;3;inf;inf;{}
6;4;3;inf;inf;{}
6;5;3;inf;inf;{}
6;6;3;0;0;{}
6;7;3;inf;inf;{}
6;8;3;inf;inf;{}
6;9;3;inf;inf;{}
6;10;3;10.478;200.5;{(6, 10): 10.478}
7;0;3;inf;inf;{}
7;1;3;inf;inf;{}
7;2;3;inf;inf;{}
7;3;3;inf;inf;{}
7;4;3;inf;inf;{}
7;5;3;inf;inf;{}
7;6;3;251.875;401.0;{(7, 8): 84.63, (7, 10): 17.732, (8, 6): 167.245}
7;7;3;0;0;{}
7;8;3;84.63;200.5;{(7, 8): 84.63}
7;9;3;inf;inf;{}
7;10;3;17.732;200.5;{(7, 8): 84.63, (7, 10): 17.732}
8;0;3;inf;inf;{}
8;1;3;inf;inf;{}
8;2;3;inf;inf;{}
8;3;3;inf;inf;{}
8;4;3;inf;inf;{}
8;5;3;inf;inf;{}
8;6;3;167.245;200.5;{(8, 6): 167.245}
8;7;3;inf;inf;{}
8;8;3;0;0;{}
8;9;3;inf;inf;{}
8;10;3;42.717999999999996;200.5;{(8, 6): 167.245, (6, 10): 10.478}
9;0;3;inf;inf;{}
9;1;3;inf;inf;{}
9;2;3;inf;inf;{}
9;3;3;inf;inf;{}
9;4;3;inf;inf;{}
9;5;3;inf;inf;{}
9;6;3;inf;inf;{}
9;7;3;inf;inf;{}
9;8;3;inf;inf;{}
9;9;3;0;0;{}
9;10;3;24.985999999999997;200.5;{(9, 10): 24.985999999999997}
10;0;3;inf;inf;{}
10;1;3;inf;inf;{}
10;2;3;inf;inf;{}
10;3;3;inf;inf;{}
10;4;3;inf;inf;{}
10;5;3;inf;inf;{}
10;6;3;inf;inf;{}
10;7;3;inf;inf;{}
10;8;3;inf;inf;{}
10;9;3;inf;inf;{}
10;10;3;0;0;{}
0;0;4;0;0;{}
0;1;4;0;75.5;{}
0;2;4;0;151.0;{}
0;3;4;0;226.5;{}
0;4;4;209.09000000000003;302.0;{(0, 1): 0, (1, 2): 0, (2, 9): 102.515, (2, 3): 0, (3, 4): 209.09000000000003}
0;5;4;207.06;302.0;{(0, 1): 0, (1, 2): 0, (2, 9): 102.515, (2, 3): 0, (3, 4): 209.09000000000003, (3, 5): 207.06}
0;6;4;345.1;453.0;{(0, 1): 0, (1, 2): 0, (2, 9): 102.515, (2, 3): 0, (3, 4): 209.09000000000003, (3, 5): 207.06, (4, 7): 41.614999999999995, (4, 8): 54.81, (5, 8): 53.795, (5, 10): 20.706, (8, 6): 84.245}
0;7;4;250.70500000000004;377.5;{(0, 1): 0, (1, 2): 0, (2, 9): 102.515, (2, 3): 0, (3, 4): 209.09000000000003, (3, 5): 207.06, (4, 7): 41.614999999999995}
0;8;4;260.855;377.5;{(0, 1): 0, (1, 2): 0, (2, 9): 102.515, (2, 3): 0, (3, 4): 209.09000000000003, (3, 5): 207.06, (4, 7): 41.614999999999995, (4, 8): 54.81}
0;9;4;102.515;226.5;{(0, 1): 0, (1, 2): 0, (2, 9): 102.515}
0;10;4;115.101;302.0;{(0, 1): 0, (1, 2): 0, (2, 9): 102.515, (2, 3): 0, (3, 4): 209.09000000000003, (3, 5): 207.06, (4, 7): 41.614999999999995, (4, 8): 54.81, (5, 8): 53.795, (5, 10): 20.706}
1;0;4;inf;inf;{}
1;1;4;0;0;{}
1;2;4;0;75.5;{}
1;3;4;0;151.0;{}
1;4;4;209.09000000000003;226.5;{(1, 2): 0, (2, 9): 102.515, (2, 3): 0, (3, 4): 209.09000000000003}
1;5;4;207.06;226.5;{(1, 2): 0, (2, 9): 102.515, (2, 3): 0, (3, 4): 209.09000000000003, (3, 5): 207.06}
1;6;4;345.1;377.5;{(1, 2): 0, (2, 9): 102.515, (2, 3): 0, (3, 4): 209.09000000000003, (3, 5): 207.06, (4, 7): 41.614999999999995, (4, 8): 54.81, (5, 8): 53.795, (5, 10): 20.706, (8, 6): 84.245}
1;7;4;250.70500000000004;302.0;{(1, 2): 0, (2, 9): 102.515, (2, 3): 0, (3, 4): 209.09000000000003, (3, 5): 207.06, (4, 7): 41.614999999999995}
1;8;4;260.855;302.0;{(1, 2): 0, (2, 9): 102.515, (2, 3): 0, (3, 4): 209.09000000000003, (3, 5): 207.06, (4, 7): 41.614999999999995, (4, 8): 54.81}
1;9;4;102.515;151.0;{(1, 2): 0, (2, 9): 102.515}
1;10;4;115.101;226.5;{(1, 2): 0, (2, 9): 102.515, (2, 3): 0, (3, 4): 209.09000000000003, (3, 5): 207.06, (4, 7): 41.614999999999995, (4, 8): 54.81, (5, 8): 53.795, (5, 10): 20.706}
2;0;4;inf;inf;{}
2;1;4;inf;inf;{}
2;2;4;0;0;{}
2;3;4;0;75.5;{}
2;4;4;209.09000000000003;151.0;{(2, 9): 102.515, (2, 3): 0, (3, 4): 209.09000000000003}
2;5;4;207.06;151.0;{(2, 9): 102.515, (2, 3): 0, (3, 4): 209.09000000000003, (3, 5): 207.06}
2;6;4;345.1;302.0;{(2, 9): 102.515, (2, 3): 0, (3, 4): 209.09000000000003, (3, 5): 207.06, (4, 7): 41.614999999999995, (4, 8): 54.81, (5, 8): 53.795, (5, 10): 20.706, (8, 6): 84.245}
2;7;4;250.70500000000004;226.5;{(2, 9): 102.515, (2, 3): 0, (3, 4): 209.09000000000003, (3, 5): 207.06, (4, 7): 41.614999999999995}
2;8;4;260.855;226.5;{(2, 9): 102.515, (2, 3): 0, (3, 4): 209.09000000000003, (3, 5): 207.06, (4, 7): 41.614999999999995, (4, 8): 54.81}
2;9;4;102.515;75.5;{(2, 9): 102.515}
2;10;4;115.101;151.0;{(2, 9): 102.515, (2, 3): 0, (3, 4): 209.09000000000003, (3, 5): 207.06, (4, 7): 41.614999999999995, (4, 8): 54.81, (5, 8): 53.795, (5, 10): 20.706}
3;0;4;inf;inf;{}
3;1;4;inf;inf;{}
3;2;4;inf;inf;{}
3;3;4;0;0;{}
3;4;4;209.09000000000003;75.5;{(3, 4): 209.09000000000003}
3;5;4;207.06;75.5;{(3, 4): 209.09000000000003, (3, 5): 207.06}
3;6;4;345.1;226.5;{(3, 4): 209.09000000000003, (3, 5): 207.06, (4, 7): 41.614999999999995, (4, 8): 54.81, (5, 8): 53.795, (5, 9): 62.93000000000001, (5, 10): 20.706, (8, 6): 84.245}
3;7;4;250.70500000000004;151.0;{(3, 4): 209.09000000000003, (3, 5): 207.06, (4, 7): 41.614999999999995}
3;8;4;260.855;151.0;{(3, 4): 209.09000000000003, (3, 5): 207.06, (4, 7): 41.614999999999995, (4, 8): 54.81}
3;9;4;269.99;151.0;{(3, 4): 209.09000000000003, (3, 5): 207.06, (4, 7): 41.614999999999995, (4, 8): 54.81, (5, 8): 53.795, (5, 9): 62.93000000000001}
3;10;4;227.766;151.0;{(3, 4): 209.09000000000003, (3, 5): 207.06, (4, 7): 41.614999999999995, (4, 8): 54.81, (5, 8): 53.795, (5, 9): 62.93000000000001, (5, 10): 20.706}
4;0;4;inf;inf;{}
4;1;4;inf;inf;{}
4;2;4;inf;inf;{}
4;3;4;inf;inf;{}
4;4;4;0;0;{}
4;5;4;inf;inf;{}
4;6;4;139.055;151.0;{(4, 7): 41.614999999999995, (4, 8): 54.81, (8, 6): 84.245}
4;7;4;41.614999999999995;75.5;{(4, 7): 41.614999999999995}
4;8;4;54.81;75.5;{(4, 7): 41.614999999999995, (4, 8): 54.81}
4;9;4;inf;inf;{}
4;10;4;50.547;151.0;{(4, 7): 41.614999999999995, (4, 8): 54.81, (8, 6): 84.245, (6, 10): 5.2780000000000005}
5;0;4;inf;inf;{}
5;1;4;inf;inf;{}
5;2;4;inf;inf;{}
5;3;4;inf;inf;{}
5;4;4;inf;inf;{}
5;5;4;0;0;{}
5;6;4;138.04000000000002;151.0;{(5, 8): 53.795, (5, 9): 62.93000000000001, (5, 10): 20.706, (8, 6): 84.245}
5;7;4;inf;inf;{}
5;8;4;53.795;75.5;{(5, 8): 53.795}
5;9;4;62.93000000000001;75.5;{(5, 8): 53.795, (5, 9): 62.93000000000001}
5;10;4;20.706;75.5;{(5, 8): 53.795, (5, 9): 62.93000000000001, (5, 10): 20.706}
6;0;4;inf;inf;{}
6;1;4;inf;inf;{}
6;2;4;inf;inf;{}
6;3;4;inf;inf;{}
6;4;4;inf;inf;{}
6;5;4;inf;inf;{}
6;6;4;0;0;{}
6;7;4;inf;inf;{}
6;8;4;inf;inf;{}
6;9;4;inf;inf;{}
6;10;4;5.2780000000000005;75.5;{(6, 10): 5.2780000000000005}
7;0;4;inf;inf;{}
7;1;4;inf;inf;{}
7;2;4;inf;inf;{}
7;3;4;inf;inf;{}
7;4;4;inf;inf;{}
7;5;4;inf;inf;{}
7;6;4;126.875;151.0;{(7, 8): 42.63, (7, 10): 8.932, (8, 6): 84.245}
7;7;4;0;0;{}
7;8;4;42.63;75.5;{(7, 8): 42.63}
7;9;4;inf;inf;{}
7;10;4;8.932;75.5;{(7, 8): 42.63, (7, 10): 8.932}
8;0;4;inf;inf;{}
8;1;4;inf;inf;{}
8;2;4;inf;inf;{}
8;3;4;inf;inf;{}
8;4;4;inf;inf;{}
8;5;4;inf;inf;{}
8;6;4;84.245;75.5;{(8, 6): 84.245}
8;7;4;inf;inf;{}
8;8;4;0;0;{}
8;9;4;inf;inf;{}
8;10;4;21.518;75.5;{(8, 6): 84.245, (6, 10): 5.2780000000000005}
9;0;4;inf;inf;{}
9;1;4;inf;inf;{}
9;2;4;inf;inf;{}
9;3;4;inf;inf;{}
9;4;4;inf;inf;{}
9;5;4;inf;inf;{}
9;6;4;inf;inf;{}
9;7;4;inf;inf;{}
9;8;4;inf;inf;{}
9;9;4;0;0;{}
9;10;4;12.586000000000002;75.5;{(9, 10): 12.586000000000002}
10;0;4;inf;inf;{}
10;1;4;inf;inf;{}
10;2;4;inf;inf;{}
10;3;4;inf;inf;{}
10;4;4;inf;inf;{}
10;5;4;inf;inf;{}
10;6;4;inf;inf;{}
10;7;4;inf;inf;{}
10;8;4;inf;inf;{}
10;9;4;inf;inf;{}
10;10;4;0;0;{}
0;0;5;0;0;{}
0;1;5;0;75.5;{}
0;2;5;0;151.0;{}
0;3;5;0;226.5;{}
0;4;5;209.09000000000003;302.0;{(0, 1): 0, (1, 2): 0, (2, 9): 102.515, (2, 3): 0, (3, 4): 209.09000000000003}
0;5;5;207.06;302.0;{(0, 1): 0, (1, 2): 0, (2, 9): 102.515, (2, 3): 0, (3, 4): 209.09000000000003, (3, 5): 207.06}
0;6;5;345.1;453.0;{(0, 1): 0, (1, 2): 0, (2, 9): 102.515, (2, 3): 0, (3, 4): 209.09000000000003, (3, 5): 207.06, (4, 7): 41.614999999999995, (4, 8): 54.81, (5, 8): 53.795, (5, 10): 20.706, (8, 6): 84.245}
0;7;5;250.70500000000004;377.5;{(0, 1): 0, (1, 2): 0, (2, 9): 102.515, (2, 3): 0, (3, 4): 209.09000000000003, (3, 5): 207.06, (4, 7): 41.614999999999995}
0;8;5;260.855;377.5;{(0, 1): 0, (1, 2): 0, (2, 9): 102.515, (2, 3): 0, (3, 4): 209.09000000000003, (3, 5): 207.06, (4, 7): 41.614999999999995, (4, 8): 54.81}
0;9;5;102.515;226.5;{(0, 1): 0, (1, 2): 0, (2, 9): 102.515}
0;10;5;115.101;302.0;{(0, 1): 0, (1, 2): 0, (2, 9): 102.515, (2, 3): 0, (3, 4): 209.09000000000003, (3, 5): 207.06, (4, 7): 41.614999999999995, (4, 8): 54.81, (5, 8): 53.795, (5, 10): 20.706}
1;0;5;inf;inf;{}
1;1;5;0;0;{}
1;2;5;0;75.5;{}
1;3;5;0;151.0;{}
1;4;5;209.09000000000003;226.5;{(1, 2): 0, (2, 9): 102.515, (2, 3): 0, (3, 4): 209.09000000000003}
1;5;5;207.06;226.5;{(1, 2): 0, (2, 9): 102.515, (2, 3): 0, (3, 4): 209.09000000000003, (3, 5): 207.06}
1;6;5;345.1;377.5;{(1, 2): 0, (2, 9): 102.515, (2, 3): 0, (3, 4): 209.09000000000003, (3, 5): 207.06, (4, 7): 41.614999999999995, (4, 8): 54.81, (5, 8): 53.795, (5, 10): 20.706, (8, 6): 84.245}
1;7;5;250.70500000000004;302.0;{(1, 2): 0, (2, 9): 102.515, (2, 3): 0, (3, 4): 209.09000000000003, (3, 5): 207.06, (4, 7): 41.614999999999995}
1;8;5;260.855;302.0;{(1, 2): 0, (2, 9): 102.515, (2, 3): 0, (3, 4): 209.09000000000003, (3, 5): 207.06, (4, 7): 41.614999999999995, (4, 8): 54.81}
1;9;5;102.515;151.0;{(1, 2): 0, (2, 9): 102.515}
1;10;5;115.101;226.5;{(1, 2): 0, (2, 9): 102.515, (2, 3): 0, (3, 4): 209.09000000000003, (3, 5): 207.06, (4, 7): 41.614999999999995, (4, 8): 54.81, (5, 8): 53.795, (5, 10): 20.706}
2;0;5;inf;inf;{}
2;1;5;inf;inf;{}
2;2;5;0;0;{}
2;3;5;0;75.5;{}
2;4;5;209.09000000000003;151.0;{(2, 9): 102.515, (2, 3): 0, (3, 4): 209.09000000000003}
2;5;5;207.06;151.0;{(2, 9): 102.515, (2, 3): 0, (3, 4): 209.09000000000003, (3, 5): 207.06}
2;6;5;345.1;302.0;{(2, 9): 102.515, (2, 3): 0, (3, 4): 209.09000000000003, (3, 5): 207.06, (4, 7): 41.614999999999995, (4, 8): 54.81, (5, 8): 53.795, (5, 10): 20.706, (8, 6): 84.245}
2;7;5;250.70500000000004;226.5;{(2, 9): 102.515, (2, 3): 0, (3, 4): 209.09000000000003, (3, 5): 207.06, (4, 7): 41.614999999999995}
2;8;5;260.855;226.5;{(2, 9): 102.515, (2, 3): 0, (3, 4): 209.09000000000003, (3, 5): 207.06, (4, 7): 41.614999999999995, (4, 8): 54.81}
2;9;5;102.515;75.5;{(2, 9): 102.515}
2;10;5;115.101;151.0;{(2, 9): 102.515, (2, 3): 0, (3, 4): 209.09000000000003, (3, 5): 207.06, (4, 7): 41.614999999999995, (4, 8): 54.81, (5, 8): 53.795, (5, 10): 20.706}
3;0;5;inf;inf;{}
3;1;5;inf;inf;{}
3;2;5;inf;inf;{}
3;3;5;0;0;{}
3;4;5;209.09000000000003;75.5;{(3, 4): 209.09000000000003}
3;5;5;207.06;75.5;{(3, 4): 209.09000000000003, (3, 5): 207.06}
3;6;5;345.1;226.5;{(3, 4): 209.09000000000003, (3, 5): 207.06, (4, 7): 41.614999999999995, (4, 8): 54.81, (5, 8): 53.795, (5, 9): 62.93000000000001, (5, 10): 20.706, (8, 6): 84.245}
3;7;5;250.70500000000004;151.0;{(3, 4): 209.09000000000003, (3, 5): 207.06, (4, 7): 41.614999999999995}
3;8;5;260.855;151.0;{(3, 4): 209.09000000000003, (3, 5): 207.06, (4, 7): 41.614999999999995, (4, 8): 54.81}
3;9;5;269.99;151.0;{(3, 4): 209.09000000000003, (3, 5): 207.06, (4, 7): 41.614999999999995, (4, 8): 54.81, (5, 8): 53.795, (5, 9): 62.93000000000001}
3;10;5;227.766;151.0;{(3, 4): 209.09000000000003, (3, 5): 207.06, (4, 7): 41.614999999999995, (4, 8): 54.81, (5, 8): 53.795, (5, 9): 62.93000000000001, (5, 10): 20.706}
4;0;5;inf;inf;{}
4;1;5;inf;inf;{}
4;2;5;inf;inf;{}
4;3;5;inf;inf;{}
4;4;5;0;0;{}
4;5;5;inf;inf;{}
4;6;5;139.055;151.0;{(4, 7): 41.614999999999995, (4, 8): 54.81, (8, 6): 84.245}
4;7;5;41.614999999999995;75.5;{(4, 7): 41.614999999999995}
4;8;5;54.81;75.5;{(4, 7): 41.614999999999995, (4, 8): 54.81}
4;9;5;inf;inf;{}
4;10;5;50.547;151.0;{(4, 7): 41.614999999999995, (4, 8): 54.81, (8, 6): 84.245, (6, 10): 5.2780000000000005}
5;0;5;inf;inf;{}
5;1;5;inf;inf;{}
5;2;5;inf;inf;{}
5;3;5;inf;inf;{}
5;4;5;inf;inf;{}
5;5;5;0;0;{}
5;6;5;138.04000000000002;151.0;{(5, 8): 53.795, (5, 9): 62.93000000000001, (5, 10): 20.706, (8, 6): 84.245}
5;7;5;inf;inf;{}
5;8;5;53.795;75.5;{(5, 8): 53.795}
5;9;5;62.93000000000001;75.5;{(5, 8): 53.795, (5, 9): 62.93000000000001}
5;10;5;20.706;75.5;{(5, 8): 53.795, (5, 9): 62.93000000000001, (5, 10): 20.706}
6;0;5;inf;inf;{}
6;1;5;inf;inf;{}
6;2;5;inf;inf;{}
6;3;5;inf;inf;{}
6;4;5;inf;inf;{}
6;5;5;inf;inf;{}
6;6;5;0;0;{}
6;7;5;inf;inf;{}
6;8;5;inf;inf;{}
6;9;5;inf;inf;{}
6;10;5;5.2780000000000005;75.5;{(6, 10): 5.2780000000000005}
7;0;5;inf;inf;{}
7;1;5;inf;inf;{}
7;2;5;inf;inf;{}
7;3;5;inf;inf;{}
7;4;5;inf;inf;{}
7;5;5;inf;inf;{}
7;6;5;126.875;151.0;{(7, 8): 42.63, (7, 10): 8.932, (8, 6): 84.245}
7;7;5;0;0;{}
7;8;5;42.63;75.5;{(7, 8): 42.63}
7;9;5;inf;inf;{}
7;10;5;8.932;75.5;{(7, 8): 42.63, (7, 10): 8.932}
8;0;5;inf;inf;{}
8;1;5;inf;inf;{}
8;2;5;inf;inf;{}
8;3;5;inf;inf;{}
8;4;5;inf;inf;{}
8;5;5;inf;inf;{}
8;6;5;84.245;75.5;{(8, 6): 84.245}
8;7;5;inf;inf;{}
8;8;5;0;0;{}
8;9;5;inf;inf;{}
8;10;5;21.518;75.5;{(8, 6): 84.245, (6, 10): 5.2780000000000005}
9;0;5;inf;inf;{}
9;1;5;inf;inf;{}
9;2;5;inf;inf;{}
9;3;5;inf;inf;{}
9;4;5;inf;inf;{}
9;5;5;inf;inf;{}
9;6;5;inf;inf;{}
9;7;5;inf;inf;{}
9;8;5;inf;inf;{}
9;9;5;0;0;{}
9;10;5;12.586000000000002;75.5;{(9, 10): 12.586000000000002}
10;0;5;inf;inf;{}
10;1;5;inf;inf;{}
10;2;5;inf;inf;{}
10;3;5;inf;inf;{}
10;4;5;inf;inf;{}
10;5;5;inf;inf;{}
10;6;5;inf;inf;{}
10;7;5;inf;inf;{}
10;8;5;inf;inf;{}
10;9;5;inf;inf;{}
10;10;5;0;0;{}
0;0;6;0;0;{}
0;1;6;0;75.5;{}
0;2;6;0;151.0;{}
0;3;6;0;226.5;{}
0;4;6;209.09000000000003;302.0;{(0, 1): 0, (1, 2): 0, (2, 9): 102.515, (2, 3): 0, (3, 4): 209.09000000000003}
0;5;6;207.06;302.0;{(0, 1): 0, (1, 2): 0, (2, 9): 102.515, (2, 3): 0, (3, 4): 209.09000000000003, (3, 5): 207.06}
0;6;6;345.1;453.0;{(0, 1): 0, (1, 2): 0, (2, 9): 102.515, (2, 3): 0, (3, 4): 209.09000000000003, (3, 5): 207.06, (4, 7): 41.614999999999995, (4, 8): 54.81, (5, 8): 53.795, (5, 10): 20.706, (8, 6): 84.245}
0;7;6;250.70500000000004;377.5;{(0, 1): 0, (1, 2): 0, (2, 9): 102.515, (2, 3): 0, (3, 4): 209.09000000000003, (3, 5): 207.06, (4, 7): 41.614999999999995}
0;8;6;260.855;377.5;{(0, 1): 0, (1, 2): 0, (2, 9): 102.515, (2, 3): 0, (3, 4): 209.09000000000003, (3, 5): 207.06, (4, 7): 41.614999999999995, (4, 8): 54.81}
0;9;6;102.515;226.5;{(0, 1): 0, (1, 2): 0, (2, 9): 102.515}
0;10;6;115.101;302.0;{(0, 1): 0, (1, 2): 0, (2, 9): 102.515, (2, 3): 0, (3, 4): 209.09000000000003, (3, 5): 207.06, (4, 7): 41.614999999999995, (4, 8): 54.81, (5, 8): 53.795, (5, 10): 20.706}
1;0;6;inf;inf;{}
1;1;6;0;0;{}
1;2;6;0;75.5;{}
1;3;6;0;151.0;{}
1;4;6;209.09000000000003;226.5;{(1, 2): 0, (2, 9): 102.515, (2, 3): 0, (3, 4): 209.09000000000003}
1;5;6;207.06;226.5;{(1, 2): 0, (2, 9): 102.515, (2, 3): 0, (3, 4): 209.09000000000003, (3, 5): 207.06}
1;6;6;345.1;377.5;{(1, 2): 0, (2, 9): 102.515, (2, 3): 0, (3, 4): 209.09000000000003, (3, 5): 207.06, (4, 7): 41.614999999999995, (4, 8): 54.81, (5, 8): 53.795, (5, 10): 20.706, (8, 6): 84.245}
1;7;6;250.70500000000004;302.0;{(1, 2): 0, (2, 9): 102.515, (2, 3): 0, (3, 4): 209.09000000000003, (3, 5): 207.06, (4, 7): 41.614999999999995}
1;8;6;260.855;302.0;{(1, 2): 0, (2, 9): 102.515, (2, 3): 0, (3, 4): 209.09000000000003, (3, 5): 207.06, (4, 7): 41.614999999999995, (4, 8): 54.81}
1;9;6;102.515;151.0;{(1, 2): 0, (2, 9): 102.515}
1;10;6;115.101;226.5;{(1, 2): 0, (2, 9): 102.515, (2, 3): 0, (3, 4): 209.09000000000003, (3, 5): 207.06, (4, 7): 41.614999999999995, (4, 8): 54.81, (5, 8): 53.795, (5, 10): 20.706}
2;0;6;inf;inf;{}
2;1;6;inf;inf;{}
2;2;6;0;0;{}
2;3;6;0;75.5;{}
2;4;6;209.09000000000003;151.0;{(2, 9): 102.515, (2, 3): 0, (3, 4): 209.09000000000003}
2;5;6;207.06;151.0;{(2, 9): 102.515, (2, 3): 0, (3, 4): 209.09000000000003, (3, 5): 207.06}
2;6;6;345.1;302.0;{(2, 9): 102.515, (2, 3): 0, (3, 4): 209.09000000000003, (3, 5): 207.06, (4, 7): 41.614999999999995, (4, 8): 54.81, (5, 8): 53.795, (5, 10): 20.706, (8, 6): 84.245}
2;7;6;250.70500000000004;226.5;{(2, 9): 102.515, (2, 3): 0, (3, 4): 209.09000000000003, (3, 5): 207.06, (4, 7): 41.614999999999995}
2;8;6;260.855;226.5;{(2, 9): 102.515, (2, 3): 0, (3, 4): 209.09000000000003, (3, 5): 207.06, (4, 7): 41.614999999999995, (4, 8): 54.81}
2;9;6;102.515;75.5;{(2, 9): 102.515}
2;10;6;115.101;151.0;{(2, 9): 102.515, (2, 3): 0, (3, 4): 209.09000000000003, (3, 5): 207.06, (4, 7): 41.614999999999995, (4, 8): 54.81, (5, 8): 53.795, (5, 10): 20.706}
3;0;6;inf;inf;{}
3;1;6;inf;inf;{}
3;2;6;inf;inf;{}
3;3;6;0;0;{}
3;4;6;209.09000000000003;75.5;{(3, 4): 209.09000000000003}
3;5;6;207.06;75.5;{(3, 4): 209.09000000000003, (3, 5): 207.06}
3;6;6;345.1;226.5;{(3, 4): 209.09000000000003, (3, 5): 207.06, (4, 7): 41.614999999999995, (4, 8): 54.81, (5, 8): 53.795, (5, 9): 62.93000000000001, (5, 10): 20.706, (8, 6): 84.245}
3;7;6;250.70500000000004;151.0;{(3, 4): 209.09000000000003, (3, 5): 207.06, (4, 7): 41.614999999999995}
3;8;6;260.855;151.0;{(3, 4): 209.09000000000003, (3, 5): 207.06, (4, 7): 41.614999999999995, (4, 8): 54.81}
3;9;6;269.99;151.0;{(3, 4): 209.09000000000003, (3, 5): 207.06, (4, 7): 41.614999999999995, (4, 8): 54.81, (5, 8): 53.795, (5, 9): 62.93000000000001}
3;10;6;227.766;151.0;{(3, 4): 209.09000000000003, (3, 5): 207.06, (4, 7): 41.614999999999995, (4, 8): 54.81, (5, 8): 53.795, (5, 9): 62.93000000000001, (5, 10): 20.706}
4;0;6;inf;inf;{}
4;1;6;inf;inf;{}
4;2;6;inf;inf;{}
4;3;6;inf;inf;{}
4;4;6;0;0;{}
4;5;6;inf;inf;{}
4;6;6;139.055;151.0;{(4, 7): 41.614999999999995, (4, 8): 54.81, (8, 6): 84.245}
4;7;6;41.614999999999995;75.5;{(4, 7): 41.614999999999995}
4;8;6;54.81;75.5;{(4, 7): 41.614999999999995, (4, 8): 54.81}
4;9;6;inf;inf;{}
4;10;6;50.547;151.0;{(4, 7): 41.614999999999995, (4, 8): 54.81, (8, 6): 84.245, (6, 10): 5.2780000000000005}
5;0;6;inf;inf;{}
5;1;6;inf;inf;{}
5;2;6;inf;inf;{}
5;3;6;inf;inf;{}
5;4;6;inf;inf;{}
5;5;6;0;0;{}
5;6;6;138.04000000000002;151.0;{(5, 8): 53.795, (5, 9): 62.93000000000001, (5, 10): 20.706, (8, 6): 84.245}
5;7;6;inf;inf;{}
5;8;6;53.795;75.5;{(5, 8): 53.795}
5;9;6;62.93000000000001;75.5;{(5, 8): 53.795, (5, 9): 62.93000000000001}
5;10;6;20.706;75.5;{(5, 8): 53.795, (5, 9): 62.93000000000001, (5, 10): 20.706}
6;0;6;inf;inf;{}
6;1;6;inf;inf;{}
6;2;6;inf;inf;{}
6;3;6;inf;inf;{}
6;4;6;inf;inf;{}
6;5;6;inf;inf;{}
6;6;6;0;0;{}
6;7;6;inf;inf;{}
6;8;6;inf;inf;{}
6;9;6;inf;inf;{}
6;10;6;5.2780000000000005;75.5;{(6, 10): 5.2780000000000005}
7;0;6;inf;inf;{}
7;1;6;inf;inf;{}
7;2;6;inf;inf;{}
7;3;6;inf;inf;{}
7;4;6;inf;inf;{}
7;5;6;inf;inf;{}
7;6;6;126.875;151.0;{(7, 8): 42.63, (7, 10): 8.932, (8, 6): 84.245}
7;7;6;0;0;{}
7;8;6;42.63;75.5;{(7, 8): 42.63}
7;9;6;inf;inf;{}
7;10;6;8.932;75.5;{(7, 8): 42.63, (7, 10): 8.932}
8;0;6;inf;inf;{}
8;1;6;inf;inf;{}
8;2;6;inf;inf;{}
8;3;6;inf;inf;{}
8;4;6;inf;inf;{}
8;5;6;inf;inf;{}
8;6;6;84.245;75.5;{(8, 6): 84.245}
8;7;6;inf;inf;{}
8;8;6;0;0;{}
8;9;6;inf;inf;{}
8;10;6;21.518;75.5;{(8, 6): 84.245, (6, 10): 5.2780000000000005}
9;0;6;inf;inf;{}
9;1;6;inf;inf;{}
9;2;6;inf;inf;{}
9;3;6;inf;inf;{}
9;4;6;inf;inf;{}
9;5;6;inf;inf;{}
9;6;6;inf;inf;{}
9;7;6;inf;inf;{}
9;8;6;inf;inf;{}
9;9;6;0;0;{}
9;10;6;12.586000000000002;75.5;{(9, 10): 12.586000000000002}
10;0;6;inf;inf;{}
10;1;6;inf;inf;{}
10;2;6;inf;inf;{}
10;3;6;inf;inf;{}
10;4;6;inf;inf;{}
10;5;6;inf;inf;{}
10;6;6;inf;inf;{}
10;7;6;inf;inf;{}
10;8;6;inf;inf;{}
10;9;6;inf;inf;{}
10;10;6;0;0;{}
0;0;7;0;0;{}
0;1;7;0;10.5;{}
0;2;7;0;21.0;{}
0;3;7;0;31.5;{}
0;4;7;106.09000000000002;42.0;{(0, 1): 0, (1, 2): 0, (2, 9): 52.015, (2, 3): 0, (3, 4): 106.09000000000002}
0;5;7;105.06;42.0;{(0, 1): 0, (1, 2): 0, (2, 9): 52.015, (2, 3): 0, (3, 4): 106.09000000000002, (3, 5): 105.06}
0;6;7;175.10000000000002;63.0;{(0, 1): 0, (1, 2): 0, (2, 9): 52.015, (2, 3): 0, (3, 4): 106.09000000000002, (3, 5): 105.06, (4, 7): 21.115, (4, 8): 27.810000000000002, (5, 8): 27.295, (5, 10): 10.506, (8, 6): 42.745000000000005}
0;7;7;127.20500000000001;52.5;{(0, 1): 0, (1, 2): 0, (2, 9): 52.015, (2, 3): 0, (3, 4): 106.09000000000002, (3, 5): 105.06, (4, 7): 21.115}
0;8;7;132.35500000000002;52.5;{(0, 1): 0, (1, 2): 0, (2, 9): 52.015, (2, 3): 0, (3, 4): 106.09000000000002, (3, 5): 105.06, (4, 7): 21.115, (4, 8): 27.810000000000002}
0;9;7;52.015;31.5;{(0, 1): 0, (1, 2): 0, (2, 9): 52.015}
0;10;7;58.401;42.0;{(0, 1): 0, (1, 2): 0, (2, 9): 52.015, (2, 3): 0, (3, 4): 106.09000000000002, (3, 5): 105.06, (4, 7): 21.115, (4, 8): 27.810000000000002, (5, 8): 27.295, (5, 10): 10.506}
1;0;7;inf;inf;{}
1;1;7;0;0;{}
1;2;7;0;10.5;{}
1;3;7;0;21.0;{}
1;4;7;106.09000000000002;31.5;{(1, 2): 0, (2, 9): 52.015, (2, 3): 0, (3, 4): 106.09000000000002}
1;5;7;105.06;31.5;{(1, 2): 0, (2, 9): 52.015, (2, 3): 0, (3, 4): 106.09000000000002, (3, 5): 105.06}
1;6;7;175.10000000000002;52.5;{(1, 2): 0, (2, 9): 52.015, (2, 3): 0, (3, 4): 106.09000000000002, (3, 5): 105.06, (4, 7): 21.115, (4, 8): 27.810000000000002, (5, 8): 27.295, (5, 10): 10.506, (8, 6): 42.745000000000005}
1;7;7;127.20500000000001;42.0;{(1, 2): 0, (2, 9): 52.015, (2, 3): 0, (3, 4): 106.09000000000002, (3, 5): 105.06, (4, 7): 21.115}
1;8;7;132.35500000000002;42.0;{(1, 2): 0, (2, 9): 52.015, (2, 3): 0, (3, 4): 106.09000000000002, (3, 5): 105.06, (4, 7): 21.115, (4, 8): 27.810000000000002}
1;9;7;52.015;21.0;{(1, 2): 0, (2, 9): 52.015}
1;10;7;58.401;31.5;{(1, 2): 0, (2, 9): 52.015, (2, 3): 0, (3, 4): 106.09000000000002, (3, 5): 105.06, (4, 7): 21.115, (4, 8): 27.810000000000002, (5, 8): 27.295, (5, 10): 10.506}
2;0;7;inf;inf;{}
2;1;7;inf;inf;{}
2;2;7;0;0;{}
2;3;7;0;10.5;{}
2;4;7;106.09000000000002;21.0;{(2, 9): 52.015, (2, 3): 0, (3, 4): 106.09000000000002}
2;5;7;105.06;21.0;{(2, 9): 52.015, (2, 3): 0, (3, 4): 106.09000000000002, (3, 5): 105.06}
2;6;7;175.10000000000002;42.0;{(2, 9): 52.015, (2, 3): 0, (3, 4): 106.09000000000002, (3, 5): 105.06, (4, 7): 21.115, (4, 8): 27.810000000000002, (5, 8): 27.295, (5, 10): 10.506, (8, 6): 42.745000000000005}
2;7;7;127.20500000000001;31.5;{(2, 9): 52.015, (2, 3): 0, (3, 4): 106.09000000000002, (3, 5): 105.06, (4, 7): 21.115}
2;8;7;132.35500000000002;31.5;{(2, 9): 52.015, (2, 3): 0, (3, 4): 106.09000000000002, (3, 5): 105.06, (4, 7): 21.115, (4, 8): 27.810000000000002}
2;9;7;52.015;10.5;{(2, 9): 52.015}
2;10;7;58.401;21.0;{(2, 9): 52.015, (2, 3): 0, (3, 4): 106.09000000000002, (3, 5): 105.06, (4, 7): 21.115, (4, 8): 27.810000000000002, (5, 8): 27.295, (5, 10): 10.506}
3;0;7;inf;inf;{}
3;1;7;inf;inf;{}
3;2;7;inf;inf;{}
3;3;7;0;0;{}
3;4;7;106.09000000000002;10.5;{(3, 4): 106.09000000000002}
3;5;7;105.06;10.5;{(3, 4): 106.09000000000002, (3, 5): 105.06}
3;6;7;175.10000000000002;31.5;{(3, 4): 106.09000000000002, (3, 5): 105.06, (4, 7): 21.115, (4, 8): 27.810000000000002, (5, 8): 27.295, (5, 9): 31.930000000000003, (5, 10): 10.506, (8, 6): 42.745000000000005}
3;7;7;127.20500000000001;21.0;{(3, 4): 106.09000000000002, (3, 5): 105.06, (4, 7): 21.115}
3;8;7;132.35500000000002;21.0;{(3, 4): 106.09000000000002, (3, 5): 105.06, (4, 7): 21.115, (4, 8): 27.810000000000002}
3;9;7;136.99;21.0;{(3, 4): 106.09000000000002, (3, 5): 105.06, (4, 7): 21.115, (4, 8): 27.810000000000002, (5, 8): 27.295, (5, 9): 31.930000000000003}
3;10;7;115.566;21.0;{(3, 4): 106.09000000000002, (3, 5): 105.06, (4, 7): 21.115, (4, 8): 27.810000000000002, (5, 8): 27.295, (5, 9): 31.930000000000003, (5, 10): 10.506}
4;0;7;inf;inf;{}
4;1;7;inf;inf;{}
4;2;7;inf;inf;{}
4;3;7;inf;inf;{}
4;4;7;0;0;{}
4;5;7;inf;inf;{}
4;6;7;70.555;21.0;{(4, 7): 21.115, (4, 8): 27.810000000000002, (8, 6): 42.745000000000005}
4;7;7;21.115;10.5;{(4, 7): 21.115}
4;8;7;27.810000000000002;10.5;{(4, 7): 21.115, (4, 8): 27.810000000000002}
4;9;7;inf;inf;{}
4;10;7;25.647;21.0;{(4, 7): 21.115, (4, 8): 27.810000000000002, (8, 6): 42.745000000000005, (6, 10): 2.678}
5;0;7;inf;inf;{}
5;1;7;inf;inf;{}
5;2;7;inf;inf;{}
5;3;7;inf;inf;{}
5;4;7;inf;inf;{}
5;5;7;0;0;{}
5;6;7;70.04;21.0;{(5, 8): 27.295, (5, 9): 31.930000000000003, (5, 10): 10.506, (8, 6): 42.745000000000005}
5;7;7;inf;inf;{}
5;8;7;27.295;10.5;{(5, 8): 27.295}
5;9;7;31.930000000000003;10.5;{(5, 8): 27.295, (5, 9): 31.930000000000003}
5;10;7;10.506;10.5;{(5, 8): 27.295, (5, 9): 31.930000000000003, (5, 10): 10.506}
6;0;7;inf;inf;{}
6;1;7;inf;inf;{}
6;2;7;inf;inf;{}
6;3;7;inf;inf;{}
6;4;7;inf;inf;{}
6;5;7;inf;inf;{}
6;6;7;0;0;{}
6;7;7;inf;inf;{}
6;8;7;inf;inf;{}
6;9;7;inf;inf;{}
6;10;7;2.678;10.5;{(6, 10): 2.678}
7;0;7;inf;inf;{}
7;1;7;inf;inf;{}
7;2;7;inf;inf;{}
7;3;7;inf;inf;{}
7;4;7;inf;inf;{}
7;5;7;inf;inf;{}
7;6;7;64.375;21.0;{(7, 8): 21.630000000000003, (7, 10): 4.532000000000001, (8, 6): 42.745000000000005}
7;7;7;0;0;{}
7;8;7;21.630000000000003;10.5;{(7, 8): 21.630000000000003}
7;9;7;inf;inf;{}
7;10;7;4.532000000000001;10.5;{(7, 8): 21.630000000000003, (7, 10): 4.532000000000001}
8;0;7;inf;inf;{}
8;1;7;inf;inf;{}
8;2;7;inf;inf;{}
8;3;7;inf;inf;{}
8;4;7;inf;inf;{}
8;5;7;inf;inf;{}
8;6;7;42.745000000000005;10.5;{(8, 6): 42.745000000000005}
8;7;7;inf;inf;{}
8;8;7;0;0;{}
8;9;7;inf;inf;{}
8;10;7;10.918000000000001;10.5;{(8, 6): 42.745000000000005, (6, 10): 2.678}
9;0;7;inf;inf;{}
9;1;7;inf;inf;{}
9;2;7;inf;inf;{}
9;3;7;inf;inf;{}
9;4;7;inf;inf;{}
9;5;7;inf;inf;{}
9;6;7;inf;inf;{}
9;7;7;inf;inf;{}
9;8;7;inf;inf;{}
9;9;7;0;0;{}
9;10;7;6.386000000000001;10.5;{(9, 10): 6.386000000000001}
10;0;7;inf;inf;{}
10;1;7;inf;inf;{}
10;2;7;inf;inf;{}
10;3;7;inf;inf;{}
10;4;7;inf;inf;{}
10;5;7;inf;inf;{}
10;6;7;inf;inf;{}
10;7;7;inf;inf;{}
10;8;7;inf;inf;{}
10;9;7;inf;inf;{}
10;10;7;0;0;{}
0;0;8;0;0;{}
0;1;8;0;10.5;{}
0;2;8;0;21.0;{}
0;3;8;0;31.5;{}
0;4;8;106.09000000000002;42.0;{(0, 1): 0, (1, 2): 0, (2, 9): 52.015, (2, 3): 0, (3, 4): 106.09000000000002}
0;5;8;105.06;42.0;{(0, 1): 0, (1, 2): 0, (2, 9): 52.015, (2, 3): 0, (3, 4): 106.09000000000002, (3, 5): 105.06}
0;6;8;175.10000000000002;63.0;{(0, 1): 0, (1, 2): 0, (2, 9): 52.015, (2, 3): 0, (3, 4): 106.09000000000002, (3, 5): 105.06, (4, 7): 21.115, (4, 8): 27.810000000000002, (5, 8): 27.295, (5, 10): 10.506, (8, 6): 42.745000000000005}
0;7;8;127.20500000000001;52.5;{(0, 1): 0, (1, 2): 0, (2, 9): 52.015, (2, 3): 0, (3, 4): 106.09000000000002, (3, 5): 105.06, (4, 7): 21.115}
0;8;8;132.35500000000002;52.5;{(0, 1): 0, (1, 2): 0, (2, 9): 52.015, (2, 3): 0, (3, 4): 106.09000000000002, (3, 5): 105.06, (4, 7): 21.115, (4, 8): 27.810000000000002}
0;9;8;52.015;31.5;{(0, 1): 0, (1, 2): 0, (2, 9): 52.015}
0;10;8;58.401;42.0;{(0, 1): 0, (1, 2): 0, (2, 9): 52.015, (2, 3): 0, (3, 4): 106.09000000000002, (3, 5): 105.06, (4, 7): 21.115, (4, 8): 27.810000000000002, (5, 8): 27.295, (5, 10): 10.506}
1;0;8;inf;inf;{}
1;1;8;0;0;{}
1;2;8;0;10.5;{}
1;3;8;0;21.0;{}
1;4;8;106.09000000000002;31.5;{(1, 2): 0, (2, 9): 52.015, (2, 3): 0, (3, 4): 106.09000000000002}
1;5;8;105.06;31.5;{(1, 2): 0, (2, 9): 52.015, (2, 3): 0, (3, 4): 106.09000000000002, (3, 5): 105.06}
1;6;8;175.10000000000002;52.5;{(1, 2): 0, (2, 9): 52.015, (2, 3): 0, (3, 4): 106.09000000000002, (3, 5): 105.06, (4, 7): 21.115, (4, 8): 27.810000000000002, (5, 8): 27.295, (5, 10): 10.506, (8, 6): 42.745000000000005}
1;7;8;127.20500000000001;42.0;{(1, 2): 0, (2, 9): 52.015, (2, 3): 0, (3, 4): 106.09000000000002, (3, 5): 105.06, (4, 7): 21.115}
1;8;8;132.35500000000002;42.0;{(1, 2): 0, (2, 9): 52.015, (2, 3): 0, (3, 4): 106.09000000000002, (3, 5): 105.06, (4, 7): 21.115, (4, 8): 27.810000000000002}
1;9;8;52.015;21.0;{(1, 2): 0, (2, 9): 52.015}
1;10;8;58.401;31.5;{(1, 2): 0, (2, 9): 52.015, (2, 3): 0, (3, 4): 106.09000000000002, (3, 5): 105.06, (4, 7): 21.115, (4, 8): 27.810000000000002, (5, 8): 27.295, (5, 10): 10.506}
2;0;8;inf;inf;{}
2;1;8;inf;inf;{}
2;2;8;0;0;{}
2;3;8;0;10.5;{}
2;4;8;106.09000000000002;21.0;{(2, 9): 52.015, (2, 3): 0, (3, 4): 106.09000000000002}
2;5;8;105.06;21.0;{(2, 9): 52.015, (2, 3): 0, (3, 4): 106.09000000000002, (3, 5): 105.06}
2;6;8;175.10000000000002;42.0;{(2, 9): 52.015, (2, 3): 0, (3, 4): 106.09000000000002, (3, 5): 105.06, (4, 7): 21.115, (4, 8): 27.810000000000002, (5, 8): 27.295, (5, 10): 10.506, (8, 6): 42.745000000000005}
2;7;8;127.20500000000001;31.5;{(2, 9): 52.015, (2, 3): 0, (3, 4): 106.09000000000002, (3, 5): 105.06, (4, 7): 21.115}
2;8;8;132.35500000000002;31.5;{(2, 9): 52.015, (2, 3): 0, (3, 4): 106.09000000000002, (3, 5): 105.06, (4, 7): 21.115, (4, 8): 27.810000000000002}
2;9;8;52.015;10.5;{(2, 9): 52.015}
2;10;8;58.401;21.0;{(2, 9): 52.015, (2, 3): 0, (3, 4): 106.09000000000002, (3, 5): 105.06, (4, 7): 21.115, (4, 8): 27.810000000000002, (5, 8): 27.295, (5, 10): 10.506}
3;0;8;inf;inf;{}
3;1;8;inf;inf;{}
3;2;8;inf;inf;{}
3;3;8;0;0;{}
3;4;8;106.09000000000002;10.5;{(3, 4): 106.09000000000002}
3;5;8;105.06;10.5;{(3, 4): 106.09000000000002, (3, 5): 105.06}
3;6;8;175.10000000000002;31.5;{(3, 4): 106.09000000000002, (3, 5): 105.06, (4, 7): 21.115, (4, 8): 27.810000000000002, (5, 8): 27.295, (5, 9): 31.930000000000003, (5, 10): 10.506, (8, 6): 42.745000000000005}
3;7;8;127.20500000000001;21.0;{(3, 4): 106.09000000000002, (3, 5): 105.06, (4, 7): 21.115}
3;8;8;132.35500000000002;21.0;{(3, 4): 106.09000000000002, (3, 5): 105.06, (4, 7): 21.115, (4, 8): 27.810000000000002}
3;9;8;136.99;21.0;{(3, 4): 106.09000000000002, (3, 5): 105.06, (4, 7): 21.115, (4, 8): 27.810000000000002, (5, 8): 27.295, (5, 9): 31.930000000000003}
3;10;8;115.566;21.0;{(3, 4): 106.09000000000002, (3, 5): 105.06, (4, 7): 21.115, (4, 8): 27.810000000000002, (5, 8): 27.295, (5, 9): 31.930000000000003, (5, 10): 10.506}
4;0;8;inf;inf;{}
4;1;8;inf;inf;{}
4;2;8;inf;inf;{}
4;3;8;inf;inf;{}
4;4;8;0;0;{}
4;5;8;inf;inf;{}
4;6;8;70.555;21.0;{(4, 7): 21.115, (4, 8): 27.810000000000002, (8, 6): 42.745000000000005}
4;7;8;21.115;10.5;{(4, 7): 21.115}
4;8;8;27.810000000000002;10.5;{(4, 7): 21.115, (4, 8): 27.810000000000002}
4;9;8;inf;inf;{}
4;10;8;25.647;21.0;{(4, 7): 21.115, (4, 8): 27.810000000000002, (8, 6): 42.745000000000005, (6, 10): 2.678}
5;0;8;inf;inf;{}
5;1;8;inf;inf;{}
5;2;8;inf;inf;{}
5;3;8;inf;inf;{}
5;4;8;inf;inf;{}
5;5;8;0;0;{}
5;6;8;70.04;21.0;{(5, 8): 27.295, (5, 9): 31.930000000000003, (5, 10): 10.506, (8, 6): 42.745000000000005}
5;7;8;inf;inf;{}
5;8;8;27.295;10.5;{(5, 8): 27.295}
5;9;8;31.930000000000003;10.5;{(5, 8): 27.295, (5, 9): 31.930000000000003}
5;10;8;10.506;10.5;{(5, 8): 27.295, (5, 9): 31.930000000000003, (5, 10): 10.506}
6;0;8;inf;inf;{}
6;1;8;inf;inf;{}
6;2;8;inf;inf;{}
6;3;8;inf;inf;{}
6;4;8;inf;inf;{}
6;5;8;inf;inf;{}
6;6;8;0;0;{}
6;7;8;inf;inf;{}
6;8;8;inf;inf;{}
6;9;8;inf;inf;{}
6;10;8;2.678;10.5;{(6, 10): 2.678}
7;0;8;inf;inf;{}
7;1;8;inf;inf;{}
7;2;8;inf;inf;{}
7;3;8;inf;inf;{}
7;4;8;inf;inf;{}
7;5;8;inf;inf;{}
7;6;8;64.375;21.0;{(7, 8): 21.630000000000003, (7, 10): 4.532000000000001, (8, 6): 42.745000000000005}
7;7;8;0;0;{}
7;8;8;21.630000000000003;10.5;{(7, 8): 21.630000000000003}
7;9;8;inf;inf;{}
7;10;8;4.532000000000001;10.5;{(7, 8): 21.630000000000003, (7, 10): 4.532000000000001}
8;0;8;inf;inf;{}
8;1;8;inf;inf;{}
8;2;8;inf;inf;{}
8;3;8;inf;inf;{}
8;4;8;inf;inf;{}
8;5;8;inf;inf;{}
8;6;8;42.745000000000005;10.5;{(8, 6): 42.745000000000005}
8;7;8;inf;inf;{}
8;8;8;0;0;{}
8;9;8;inf;inf;{}
8;10;8;10.918000000000001;10.5;{(8, 6): 42.745000000000005, (6, 10): 2.678}
9;0;8;inf;inf;{}
9;1;8;inf;inf;{}
9;2;8;inf;inf;{}
9;3;8;inf;inf;{}
9;4;8;inf;inf;{}
9;5;8;inf;inf;{}
9;6;8;inf;inf;{}
9;7;8;inf;inf;{}
9;8;8;inf;inf;{}
9;9;8;0;0;{}
9;10;8;6.386000000000001;10.5;{(9, 10): 6.386000000000001}
10;0;8;inf;inf;{}
10;1;8;inf;inf;{}
10;2;8;inf;inf;{}
10;3;8;inf;inf;{}
10;4;8;inf;inf;{}
10;5;8;inf;inf;{}
10;6;8;inf;inf;{}
10;7;8;inf;inf;{}
10;8;8;inf;inf;{}
10;9;8;inf;inf;{}
10;10;8;0;0;{}
0;0;9;0;0;{}
0;1;9;0;10.5;{}
0;2;9;0;21.0;{}
0;3;9;0;31.5;{}
0;4;9;106.09000000000002;42.0;{(0, 1): 0, (1, 2): 0, (2, 9): 52.015, (2, 3): 0, (3, 4): 106.09000000000002}
0;5;9;105.06;42.0;{(0, 1): 0, (1, 2): 0, (2, 9): 52.015, (2, 3): 0, (3, 4): 106.09000000000002, (3, 5): 105.06}
0;6;9;175.10000000000002;63.0;{(0, 1): 0, (1, 2): 0, (2, 9): 52.015, (2, 3): 0, (3, 4): 106.09000000000002, (3, 5): 105.06, (4, 7): 21.115, (4, 8): 27.810000000000002, (5, 8): 27.295, (5, 10): 10.506, (8, 6): 42.745000000000005}
0;7;9;127.20500000000001;52.5;{(0, 1): 0, (1, 2): 0, (2, 9): 52.015, (2, 3): 0, (3, 4): 106.09000000000002, (3, 5): 105.06, (4, 7): 21.115}
0;8;9;132.35500000000002;52.5;{(0, 1): 0, (1, 2): 0, (2, 9): 52.015, (2, 3): 0, (3, 4): 106.09000000000002, (3, 5): 105.06, (4, 7): 21.115, (4, 8): 27.810000000000002}
0;9;9;52.015;31.5;{(0, 1): 0, (1, 2): 0, (2, 9): 52.015}
0;10;9;58.401;42.0;{(0, 1): 0, (1, 2): 0, (2, 9): 52.015, (2, 3): 0, (3, 4): 106.09000000000002, (3, 5): 105.06, (4, 7): 21.115, (4, 8): 27.810000000000002, (5, 8): 27.295, (5, 10): 10.506}
1;0;9;inf;inf;{}
1;1;9;0;0;{}
1;2;9;0;10.5;{}
1;3;9;0;21.0;{}
1;4;9;106.09000000000002;31.5;{(1, 2): 0, (2, 9): 52.015, (2, 3): 0, (3, 4): 106.09000000000002}
1;5;9;105.06;31.5;{(1, 2): 0, (2, 9): 52.015, (2, 3): 0, (3, 4): 106.09000000000002, (3, 5): 105.06}
1;6;9;175.10000000000002;52.5;{(1, 2): 0, (2, 9): 52.015, (2, 3): 0, (3, 4): 106.09000000000002, (3, 5): 105.06, (4, 7): 21.115, (4, 8): 27.810000000000002, (5, 8): 27.295, (5, 10): 10.506, (8, 6): 42.745000000000005}
1;7;9;127.20500000000001;42.0;{(1, 2): 0, (2, 9): 52.015, (2, 3): 0, (3, 4): 106.09000000000002, (3, 5): 105.06, (4, 7): 21.115}
1;8;9;132.35500000000002;42.0;{(1, 2): 0, (2, 9): 52.015, (2, 3): 0, (3, 4): 106.09000000000002, (3, 5): 105.06, (4, 7): 21.115, (4, 8): 27.810000000000002}
1;9;9;52.015;21.0;{(1, 2): 0, (2, 9): 52.015}
1;10;9;58.401;31.5;{(1, 2): 0, (2, 9): 52.015, (2, 3): 0, (3, 4): 106.09000000000002, (3, 5): 105.06, (4, 7): 21.115, (4, 8): 27.810000000000002, (5, 8): 27.295, (5, 10): 10.506}
2;0;9;inf;inf;{}
2;1;9;inf;inf;{}
2;2;9;0;0;{}
2;3;9;0;10.5;{}
2;4;9;106.09000000000002;21.0;{(2, 9): 52.015, (2, 3): 0, (3, 4): 106.09000000000002}
2;5;9;105.06;21.0;{(2, 9): 52.015, (2, 3): 0, (3, 4): 106.09000000000002, (3, 5): 105.06}
2;6;9;175.10000000000002;42.0;{(2, 9): 52.015, (2, 3): 0, (3, 4): 106.09000000000002, (3, 5): 105.06, (4, 7): 21.115, (4, 8): 27.810000000000002, (5, 8): 27.295, (5, 10): 10.506, (8, 6): 42.745000000000005}
2;7;9;127.20500000000001;31.5;{(2, 9): 52.015, (2, 3): 0, (3, 4): 106.09000000000002, (3, 5): 105.06, (4, 7): 21.115}
2;8;9;132.35500000000002;31.5;{(2, 9): 52.015, (2, 3): 0, (3, 4): 106.09000000000002, (3, 5): 105.06, (4, 7): 21.115, (4, 8): 27.810000000000002}
2;9;9;52.015;10.5;{(2, 9): 52.015}
2;10;9;58.401;21.0;{(2, 9): 52.015, (2, 3): 0, (3, 4): 106.09000000000002, (3, 5): 105.06, (4, 7): 21.115, (4, 8): 27.810000000000002, (5, 8): 27.295, (5, 10): 10.506}
3;0;9;inf;inf;{}
3;1;9;inf;inf;{}
3;2;9;inf;inf;{}
3;3;9;0;0;{}
3;4;9;106.09000000000002;10.5;{(3, 4): 106.09000000000002}
3;5;9;105.06;10.5;{(3, 4): 106.09000000000002, (3, 5): 105.06}
3;6;9;175.10000000000002;31.5;{(3, 4): 106.09000000000002, (3, 5): 105.06, (4, 7): 21.115, (4, 8): 27.810000000000002, (5, 8): 27.295, (5, 9): 31.930000000000003, (5, 10): 10.506, (8, 6): 42.745000000000005}
3;7;9;127.20500000000001;21.0;{(3, 4): 106.09000000000002, (3, 5): 105.06, (4, 7): 21.115}
3;8;9;132.35500000000002;21.0;{(3, 4): 106.09000000000002, (3, 5): 105.06, (4, 7): 21.115, (4, 8): 27.810000000000002}
3;9;9;136.99;21.0;{(3, 4): 106.09000000000002, (3, 5): 105.06, (4, 7): 21.115, (4, 8): 27.810000000000002, (5, 8): 27.295, (5, 9): 31.930000000000003}
3;10;9;115.566;21.0;{(3, 4): 106.09000000000002, (3, 5): 105.06, (4, 7): 21.115, (4, 8): 27.810000000000002, (5, 8): 27.295, (5, 9): 31.930000000000003, (5, 10): 10.506}
4;0;9;inf;inf;{}
4;1;9;inf;inf;{}
4;2;9;inf;inf;{}
4;3;9;inf;inf;{}
4;4;9;0;0;{}
4;5;9;inf;inf;{}
4;6;9;70.555;21.0;{(4, 7): 21.115, (4, 8): 27.810000000000002, (8, 6): 42.745000000000005}
4;7;9;21.115;10.5;{(4, 7): 21.115}
4;8;9;27.810000000000002;10.5;{(4, 7): 21.115, (4, 8): 27.810000000000002}
4;9;9;inf;inf;{}
4;10;9;25.647;21.0;{(4, 7): 21.115, (4, 8): 27.810000000000002, (8, 6): 42.745000000000005, (6, 10): 2.678}
5;0;9;inf;inf;{}
5;1;9;inf;inf;{}
5;2;9;inf;inf;{}
5;3;9;inf;inf;{}
5;4;9;inf;inf;{}
5;5;9;0;0;{}
5;6;9;70.04;21.0;{(5, 8): 27.295, (5, 9): 31.930000000000003, (5, 10): 10.506, (8, 6): 42.745000000000005}
5;7;9;inf;inf;{}
5;8;9;27.295;10.5;{(5, 8): 27.295}
5;9;9;31.930000000000003;10.5;{(5, 8): 27.295, (5, 9): 31.930000000000003}
5;10;9;10.506;10.5;{(5, 8): 27.295, (5, 9): 31.930000000000003, (5, 10): 10.506}
6;0;9;inf;inf;{}
6;1;9;inf;inf;{}
6;2;9;inf;inf;{}
6;3;9;inf;inf;{}
6;4;9;inf;inf;{}
6;5;9;inf;inf;{}
6;6;9;0;0;{}
6;7;9;inf;inf;{}
6;8;9;inf;inf;{}
6;9;9;inf;inf;{}
6;10;9;2.678;10.5;{(6, 10): 2.678}
7;0;9;inf;inf;{}
7;1;9;inf;inf;{}
7;2;9;inf;inf;{}
7;3;9;inf;inf;{}
7;4;9;inf;inf;{}
7;5;9;inf;inf;{}
7;6;9;64.375;21.0;{(7, 8): 21.630000000000003, (7, 10): 4.532000000000001, (8, 6): 42.745000000000005}
7;7;9;0;0;{}
7;8;9;21.630000000000003;10.5;{(7, 8): 21.630000000000003}
7;9;9;inf;inf;{}
7;10;9;4.532000000000001;10.5;{(7, 8): 21.630000000000003, (7, 10): 4.532000000000001}
8;0;9;inf;inf;{}
8;1;9;inf;inf;{}
8;2;9;inf;inf;{}
8;3;9;inf;inf;{}
8;4;9;inf;inf;{}
8;5;9;inf;inf;{}
8;6;9;42.745000000000005;10.5;{(8, 6): 42.745000000000005}
8;7;9;inf;inf;{}
8;8;9;0;0;{}
8;9;9;inf;inf;{}
8;10;9;10.918000000000001;10.5;{(8, 6): 42.745000000000005, (6, 10): 2.678}
9;0;9;inf;inf;{}
9;1;9;inf;inf;{}
9;2;9;inf;inf;{}
9;3;9;inf;inf;{}
9;4;9;inf;inf;{}
9;5;9;inf;inf;{}
9;6;9;inf;inf;{}
9;7;9;inf;inf;{}
9;8;9;inf;inf;{}
9;9;9;0;0;{}
9;10;9;6.386000000000001;10.5;{(9, 10): 6.386000000000001}
10;0;9;inf;inf;{}
10;1;9;inf;inf;{}
10;2;9;inf;inf;{}
10;3;9;inf;inf;{}
10;4;9;inf;inf;{}
10;5;9;inf;inf;{}
10;6;9;inf;inf;{}
10;7;9;inf;inf;{}
10;8;9;inf;inf;{}
10;9;9;inf;inf;{}
10;10;9;0;0;{}
0;0;10;0;0;{}
0;1;10;0;8.5;{}
0;2;10;0;17.0;{}
0;3;10;0;25.5;{}
0;4;10;64.89;34.0;{(0, 1): 0, (1, 2): 0, (2, 9): 31.814999999999998, (2, 3): 0, (3, 4): 64.89}
0;5;10;64.25999999999999;34.0;{(0, 1): 0, (1, 2): 0, (2, 9): 31.814999999999998, (2, 3): 0, (3, 4): 64.89, (3, 5): 64.25999999999999}
0;6;10;107.1;51.0;{(0, 1): 0, (1, 2): 0, (2, 9): 31.814999999999998, (2, 3): 0, (3, 4): 64.89, (3, 5): 64.25999999999999, (4, 7): 12.915, (4, 8): 17.01, (5, 8): 16.695, (5, 10): 6.425999999999999, (8, 6): 26.145000000000003}
0;7;10;77.805;42.5;{(0, 1): 0, (1, 2): 0, (2, 9): 31.814999999999998, (2, 3): 0, (3, 4): 64.89, (3, 5): 64.25999999999999, (4, 7): 12.915}
0;8;10;80.95499999999998;42.5;{(0, 1): 0, (1, 2): 0, (2, 9): 31.814999999999998, (2, 3): 0, (3, 4): 64.89, (3, 5): 64.25999999999999, (4, 7): 12.915, (4, 8): 17.01}
0;9;10;31.814999999999998;25.5;{(0, 1): 0, (1, 2): 0, (2, 9): 31.814999999999998}
0;10;10;35.721;34.0;{(0, 1): 0, (1, 2): 0, (2, 9): 31.814999999999998, (2, 3): 0, (3, 4): 64.89, (3, 5): 64.25999999999999, (4, 7): 12.915, (4, 8): 17.01, (5, 8): 16.695, (5, 10): 6.425999999999999}
1;0;10;inf;inf;{}
1;1;10;0;0;{}
1;2;10;0;8.5;{}
1;3;10;0;17.0;{}
1;4;10;64.89;25.5;{(1, 2): 0, (2, 9): 31.814999999999998, (2, 3): 0, (3, 4): 64.89}
1;5;10;64.25999999999999;25.5;{(1, 2): 0, (2, 9): 31.814999999999998, (2, 3): 0, (3, 4): 64.89, (3, 5): 64.25999999999999}
1;6;10;107.1;42.5;{(1, 2): 0, (2, 9): 31.814999999999998, (2, 3): 0, (3, 4): 64.89, (3, 5): 64.25999999999999, (4, 7): 12.915, (4, 8): 17.01, (5, 8): 16.695, (5, 10): 6.425999999999999, (8, 6): 26.145000000000003}
1;7;10;77.805;34.0;{(1, 2): 0, (2, 9): 31.814999999999998, (2, 3): 0, (3, 4): 64.89, (3, 5): 64.25999999999999, (4, 7): 12.915}
1;8;10;80.95499999999998;34.0;{(1, 2): 0, (2, 9): 31.814999999999998, (2, 3): 0, (3, 4): 64.89, (3, 5): 64.25999999999999, (4, 7): 12.915, (4, 8): 17.01}
1;9;10;31.814999999999998;17.0;{(1, 2): 0, (2, 9): 31.814999999999998}
1;10;10;35.721;25.5;{(1, 2): 0, (2, 9): 31.814999999999998, (2, 3): 0, (3, 4): 64.89, (3, 5): 64.25999999999999, (4, 7): 12.915, (4, 8): 17.01, (5, 8): 16.695, (5, 10): 6.425999999999999}
2;0;10;inf;inf;{}
2;1;10;inf;inf;{}
2;2;10;0;0;{}
2;3;10;0;8.5;{}
2;4;10;64.89;17.0;{(2, 9): 31.814999999999998, (2, 3): 0, (3, 4): 64.89}
2;5;10;64.25999999999999;17.0;{(2, 9): 31.814999999999998, (2, 3): 0, (3, 4): 64.89, (3, 5): 64.25999999999999}
2;6;10;107.1;34.0;{(2, 9): 31.814999999999998, (2, 3): 0, (3, 4): 64.89, (3, 5): 64.25999999999999, (4, 7): 12.915, (4, 8): 17.01, (5, 8): 16.695, (5, 10): 6.425999999999999, (8, 6): 26.145000000000003}
2;7;10;77.805;25.5;{(2, 9): 31.814999999999998, (2, 3): 0, (3, 4): 64.89, (3, 5): 64.25999999999999, (4, 7): 12.915}
2;8;10;80.95499999999998;25.5;{(2, 9): 31.814999999999998, (2, 3): 0, (3, 4): 64.89, (3, 5): 64.25999999999999, (4, 7): 12.915, (4, 8): 17.01}
2;9;10;31.814999999999998;8.5;{(2, 9): 31.814999999999998}
2;10;10;35.721;17.0;{(2, 9): 31.814999999999998, (2, 3): 0, (3, 4): 64.89, (3, 5): 64.25999999999999, (4, 7): 12.915, (4, 8): 17.01, (5, 8): 16.695, (5, 10): 6.425999999999999}
3;0;10;inf;inf;{}
3;1;10;inf;inf;{}
3;2;10;inf;inf;{}
3;3;10;0;0;{}
3;4;10;64.89;8.5;{(3, 4): 64.89}
3;5;10;64.25999999999999;8.5;{(3, 4): 64.89, (3, 5): 64.25999999999999}
3;6;10;107.1;25.5;{(3, 4): 64.89, (3, 5): 64.25999999999999, (4, 7): 12.915, (4, 8): 17.01, (5, 8): 16.695, (5, 9): 19.53, (5, 10): 6.425999999999999, (8, 6): 26.145000000000003}
3;7;10;77.805;17.0;{(3, 4): 64.89, (3, 5): 64.25999999999999, (4, 7): 12.915}
3;8;10;80.95499999999998;17.0;{(3, 4): 64.89, (3, 5): 64.25999999999999, (4, 7): 12.915, (4, 8): 17.01}
3;9;10;83.78999999999999;17.0;{(3, 4): 64.89, (3, 5): 64.25999999999999, (4, 7): 12.915, (4, 8): 17.01, (5, 8): 16.695, (5, 9): 19.53}
3;10;10;70.68599999999999;17.0;{(3, 4): 64.89, (3, 5): 64.25999999999999, (4, 7): 12.915, (4, 8): 17.01, (5, 8): 16.695, (5, 9): 19.53, (5, 10): 6.425999999999999}
4;0;10;inf;inf;{}
4;1;10;inf;inf;{}
4;2;10;inf;inf;{}
4;3;10;inf;inf;{}
4;4;10;0;0;{}
4;5;10;inf;inf;{}
4;6;10;43.155;17.0;{(4, 7): 12.915, (4, 8): 17.01, (8, 6): 26.145000000000003}
4;7;10;12.915;8.5;{(4, 7): 12.915}
4;8;10;17.01;8.5;{(4, 7): 12.915, (4, 8): 17.01}
4;9;10;inf;inf;{}
4;10;10;15.687;17.0;{(4, 7): 12.915, (4, 8): 17.01, (8, 6): 26.145000000000003, (6, 10): 1.638}
5;0;10;inf;inf;{}
5;1;10;inf;inf;{}
5;2;10;inf;inf;{}
5;3;10;inf;inf;{}
5;4;10;inf;inf;{}
5;5;10;0;0;{}
5;6;10;42.84;17.0;{(5, 8): 16.695, (5, 9): 19.53, (5, 10): 6.425999999999999, (8, 6): 26.145000000000003}
5;7;10;inf;inf;{}
5;8;10;16.695;8.5;{(5, 8): 16.695}
5;9;10;19.53;8.5;{(5, 8): 16.695, (5, 9): 19.53}
5;10;10;6.425999999999999;8.5;{(5, 8): 16.695, (5, 9): 19.53, (5, 10): 6.425999999999999}
6;0;10;inf;inf;{}
6;1;10;inf;inf;{}
6;2;10;inf;inf;{}
6;3;10;inf;inf;{}
6;4;10;inf;inf;{}
6;5;10;inf;inf;{}
6;6;10;0;0;{}
6;7;10;inf;inf;{}
6;8;10;inf;inf;{}
6;9;10;inf;inf;{}
6;10;10;1.638;8.5;{(6, 10): 1.638}
7;0;10;inf;inf;{}
7;1;10;inf;inf;{}
7;2;10;inf;inf;{}
7;3;10;inf;inf;{}
7;4;10;inf;inf;{}
7;5;10;inf;inf;{}
7;6;10;39.375;17.0;{(7, 8): 13.23, (7, 10): 2.7720000000000002, (8, 6): 26.145000000000003}
7;7;10;0;0;{}
7;8;10;13.23;8.5;{(7, 8): 13.23}
7;9;10;inf;inf;{}
7;10;10;2.7720000000000002;8.5;{(7, 8): 13.23, (7, 10): 2.7720000000000002}
8;0;10;inf;inf;{}
8;1;10;inf;inf;{}
8;2;10;inf;inf;{}
8;3;10;inf;inf;{}
8;4;10;inf;inf;{}
8;5;10;inf;inf;{}
8;6;10;26.145000000000003;8.5;{(8, 6): 26.145000000000003}
8;7;10;inf;inf;{}
8;8;10;0;0;{}
8;9;10;inf;inf;{}
8;10;10;6.678;8.5;{(8, 6): 26.145000000000003, (6, 10): 1.638}
9;0;10;inf;inf;{}
9;1;10;inf;inf;{}
9;2;10;inf;inf;{}
9;3;10;inf;inf;{}
9;4;10;inf;inf;{}
9;5;10;inf;inf;{}
9;6;10;inf;inf;{}
9;7;10;inf;inf;{}
9;8;10;inf;inf;{}
9;9;10;0;0;{}
9;10;10;3.906;8.5;{(9, 10): 3.906}
10;0;10;inf;inf;{}
10;1;10;inf;inf;{}
10;2;10;inf;inf;{}
10;3;10;inf;inf;{}
10;4;10;inf;inf;{}
10;5;10;inf;inf;{}
10;6;10;inf;inf;{}
10;7;10;inf;inf;{}
10;8;10;inf;inf;{}
10;9;10;inf;inf;{}
10;10;10;0;0;{}
0;0;11;0;0;{}
0;1;11;0;8.5;{}
0;2;11;0;17.0;{}
0;3;11;0;25.5;{}
0;4;11;64.89;34.0;{(0, 1): 0, (1, 2): 0, (2, 9): 31.814999999999998, (2, 3): 0, (3, 4): 64.89}
0;5;11;64.25999999999999;34.0;{(0, 1): 0, (1, 2): 0, (2, 9): 31.814999999999998, (2, 3): 0, (3, 4): 64.89, (3, 5): 64.25999999999999}
0;6;11;107.1;51.0;{(0, 1): 0, (1, 2): 0, (2, 9): 31.814999999999998, (2, 3): 0, (3, 4): 64.89, (3, 5): 64.25999999999999, (4, 7): 12.915, (4, 8): 17.01, (5, 8): 16.695, (5, 10): 6.425999999999999, (8, 6): 26.145000000000003}
0;7;11;77.805;42.5;{(0, 1): 0, (1, 2): 0, (2, 9): 31.814999999999998, (2, 3): 0, (3, 4): 64.89, (3, 5): 64.25999999999999, (4, 7): 12.915}
0;8;11;80.95499999999998;42.5;{(0, 1): 0, (1, 2): 0, (2, 9): 31.814999999999998, (2, 3): 0, (3, 4): 64.89, (3, 5): 64.25999999999999, (4, 7): 12.915, (4, 8): 17.01}
0;9;11;31.814999999999998;25.5;{(0, 1): 0, (1, 2): 0, (2, 9): 31.814999999999998}
0;10;11;35.721;34.0;{(0, 1): 0, (1, 2): 0, (2, 9): 31.814999999999998, (2, 3): 0, (3, 4): 64.89, (3, 5): 64.25999999999999, (4, 7): 12.915, (4, 8): 17.01, (5, 8): 16.695, (5, 10): 6.425999999999999}
1;0;11;inf;inf;{}
1;1;11;0;0;{}
1;2;11;0;8.5;{}
1;3;11;0;17.0;{}
1;4;11;64.89;25.5;{(1, 2): 0, (2, 9): 31.814999999999998, (2, 3): 0, (3, 4): 64.89}
1;5;11;64.25999999999999;25.5;{(1, 2): 0, (2, 9): 31.814999999999998, (2, 3): 0, (3, 4): 64.89, (3, 5): 64.25999999999999}
1;6;11;107.1;42.5;{(1, 2): 0, (2, 9): 31.814999999999998, (2, 3): 0, (3, 4): 64.89, (3, 5): 64.25999999999999, (4, 7): 12.915, (4, 8): 17.01, (5, 8): 16.695, (5, 10): 6.425999999999999, (8, 6): 26.145000000000003}
1;7;11;77.805;34.0;{(1, 2): 0, (2, 9): 31.814999999999998, (2, 3): 0, (3, 4): 64.89, (3, 5): 64.25999999999999, (4, 7): 12.915}
1;8;11;80.95499999999998;34.0;{(1, 2): 0, (2, 9): 31.814999999999998, (2, 3): 0, (3, 4): 64.89, (3, 5): 64.25999999999999, (4, 7): 12.915, (4, 8): 17.01}
1;9;11;31.814999999999998;17.0;{(1, 2): 0, (2, 9): 31.814999999999998}
1;10;11;35.721;25.5;{(1, 2): 0, (2, 9): 31.814999999999998, (2, 3): 0, (3, 4): 64.89, (3, 5): 64.25999999999999, (4, 7): 12.915, (4, 8): 17.01, (5, 8): 16.695, (5, 10): 6.425999999999999}
2;0;11;inf;inf;{}
2;1;11;inf;inf;{}
2;2;11;0;0;{}
2;3;11;0;8.5;{}
2;4;11;64.89;17.0;{(2, 9): 31.814999999999998, (2, 3): 0, (3, 4): 64.89}
2;5;11;64.25999999999999;17.0;{(2, 9): 31.814999999999998, (2, 3): 0, (3, 4): 64.89, (3, 5): 64.25999999999999}
2;6;11;107.1;34.0;{(2, 9): 31.814999999999998, (2, 3): 0, (3, 4): 64.89, (3, 5): 64.25999999999999, (4, 7): 12.915, (4, 8): 17.01, (5, 8): 16.695, (5, 10): 6.425999999999999, (8, 6): 26.145000000000003}
2;7;11;77.805;25.5;{(2, 9): 31.814999999999998, (2, 3): 0, (3, 4): 64.89, (3, 5): 64.25999999999999, (4, 7): 12.915}
2;8;11;80.95499999999998;25.5;{(2, 9): 31.814999999999998, (2, 3): 0, (3, 4): 64.89, (3, 5): 64.25999999999999, (4, 7): 12.915, (4, 8): 17.01}
2;9;11;31.814999999999998;8.5;{(2, 9): 31.814999999999998}
2;10;11;35.721;17.0;{(2, 9): 31.814999999999998, (2, 3): 0, (3, 4): 64.89, (3, 5): 64.25999999999999, (4, 7): 12.915, (4, 8): 17.01, (5, 8): 16.695, (5, 10): 6.425999999999999}
3;0;11;inf;inf;{}
3;1;11;inf;inf;{}
3;2;11;inf;inf;{}
3;3;11;0;0;{}
3;4;11;64.89;8.5;{(3, 4): 64.89}
3;5;11;64.25999999999999;8.5;{(3, 4): 64.89, (3, 5): 64.25999999999999}
3;6;11;107.1;25.5;{(3, 4): 64.89, (3, 5): 64.25999999999999, (4, 7): 12.915, (4, 8): 17.01, (5, 8): 16.695, (5, 9): 19.53, (5, 10): 6.425999999999999, (8, 6): 26.145000000000003}
3;7;11;77.805;17.0;{(3, 4): 64.89, (3, 5): 64.25999999999999, (4, 7): 12.915}
3;8;11;80.95499999999998;17.0;{(3, 4): 64.89, (3, 5): 64.25999999999999, (4, 7): 12.915, (4, 8): 17.01}
3;9;11;83.78999999999999;17.0;{(3, 4): 64.89, (3, 5): 64.25999999999999, (4, 7): 12.915, (4, 8): 17.01, (5, 8): 16.695, (5, 9): 19.53}
3;10;11;70.68599999999999;17.0;{(3, 4): 64.89, (3, 5): 64.25999999999999, (4, 7): 12.915, (4, 8): 17.01, (5, 8): 16.695, (5, 9): 19.53, (5, 10): 6.425999999999999}
4;0;11;inf;inf;{}
4;1;11;inf;inf;{}
4;2;11;inf;inf;{}
4;3;11;inf;inf;{}
4;4;11;0;0;{}
4;5;11;inf;inf;{}
4;6;11;43.155;17.0;{(4, 7): 12.915, (4, 8): 17.01, (8, 6): 26.145000000000003}
4;7;11;12.915;8.5;{(4, 7): 12.915}
4;8;11;17.01;8.5;{(4, 7): 12.915, (4, 8): 17.01}
4;9;11;inf;inf;{}
4;10;11;15.687;17.0;{(4, 7): 12.915, (4, 8): 17.01, (8, 6): 26.145000000000003, (6, 10): 1.638}
5;0;11;inf;inf;{}
5;1;11;inf;inf;{}
5;2;11;inf;inf;{}
5;3;11;inf;inf;{}
5;4;11;inf;inf;{}
5;5;11;0;0;{}
5;6;11;42.84;17.0;{(5, 8): 16.695, (5, 9): 19.53, (5, 10): 6.425999999999999, (8, 6): 26.145000000000003}
5;7;11;inf;inf;{}
5;8;11;16.695;8.5;{(5, 8): 16.695}
5;9;11;19.53;8.5;{(5, 8): 16.695, (5, 9): 19.53}
5;10;11;6.425999999999999;8.5;{(5, 8): 16.695, (5, 9): 19.53, (5, 10): 6.425999999999999}
6;0;11;inf;inf;{}
6;1;11;inf;inf;{}
6;2;11;inf;inf;{}
6;3;11;inf;inf;{}
6;4;11;inf;inf;{}
6;5;11;inf;inf;{}
6;6;11;0;0;{}
6;7;11;inf;inf;{}
6;8;11;inf;inf;{}
6;9;11;inf;inf;{}
6;10;11;1.638;8.5;{(6, 10): 1.638}
7;0;11;inf;inf;{}
7;1;11;inf;inf;{}
7;2;11;inf;inf;{}
7;3;11;inf;inf;{}
7;4;11;inf;inf;{}
7;5;11;inf;inf;{}
7;6;11;39.375;17.0;{(7, 8): 13.23, (7, 10): 2.7720000000000002, (8, 6): 26.145000000000003}
7;7;11;0;0;{}
7;8;11;13.23;8.5;{(7, 8): 13.23}
7;9;11;inf;inf;{}
7;10;11;2.7720000000000002;8.5;{(7, 8): 13.23, (7, 10): 2.7720000000000002}
8;0;11;inf;inf;{}
8;1;11;inf;inf;{}
8;2;11;inf;inf;{}
8;3;11;inf;inf;{}
8;4;11;inf;inf;{}
8;5;11;inf;inf;{}
8;6;11;26.145000000000003;8.5;{(8, 6): 26.145000000000003}
8;7;11;inf;inf;{}
8;8;11;0;0;{}
8;9;11;inf;inf;{}
8;10;11;6.678;8.5;{(8, 6): 26.145000000000003, (6, 10): 1.638}
9;0;11;inf;inf;{}
9;1;11;inf;inf;{}
9;2;11;inf;inf;{}
9;3;11;inf;inf;{}
9;4;11;inf;inf;{}
9;5;11;inf;inf;{}
9;6;11;inf;inf;{}
9;7;11;inf;inf;{}
9;8;11;inf;inf;{}
9;9;11;0;0;{}
9;10;11;3.906;8.5;{(9, 10): 3.906}
10;0;11;inf;inf;{}
10;1;11;inf;inf;{}
10;2;11;inf;inf;{}
10;3;11;inf;inf;{}
10;4;11;inf;inf;{}
10;5;11;inf;inf;{}
10;6;11;inf;inf;{}
10;7;11;inf;inf;{}
10;8;11;inf;inf;{}
10;9;11;inf;inf;{}
10;10;11;0;0;{}
0;0;12;0;0;{}
0;1;12;0;2.5;{}
0;2;12;0;5.0;{}
0;3;12;0;7.5;{}
0;4;12;64.89;10.0;{(0, 1): 0, (1, 2): 0, (2, 9): 31.814999999999998, (2, 3): 0, (3, 4): 64.89}
0;5;12;64.25999999999999;10.0;{(0, 1): 0, (1, 2): 0, (2, 9): 31.814999999999998, (2, 3): 0, (3, 4): 64.89, (3, 5): 64.25999999999999}
0;6;12;107.1;15.0;{(0, 1): 0, (1, 2): 0, (2, 9): 31.814999999999998, (2, 3): 0, (3, 4): 64.89, (3, 5): 64.25999999999999, (4, 7): 12.915, (4, 8): 17.01, (5, 8): 16.695, (5, 10): 6.425999999999999, (8, 6): 26.145000000000003}
0;7;12;77.805;12.5;{(0, 1): 0, (1, 2): 0, (2, 9): 31.814999999999998, (2, 3): 0, (3, 4): 64.89, (3, 5): 64.25999999999999, (4, 7): 12.915}
0;8;12;80.95499999999998;12.5;{(0, 1): 0, (1, 2): 0, (2, 9): 31.814999999999998, (2, 3): 0, (3, 4): 64.89, (3, 5): 64.25999999999999, (4, 7): 12.915, (4, 8): 17.01}
0;9;12;31.814999999999998;7.5;{(0, 1): 0, (1, 2): 0, (2, 9): 31.814999999999998}
0;10;12;35.721;10.0;{(0, 1): 0, (1, 2): 0, (2, 9): 31.814999999999998, (2, 3): 0, (3, 4): 64.89, (3, 5): 64.25999999999999, (4, 7): 12.915, (4, 8): 17.01, (5, 8): 16.695, (5, 10): 6.425999999999999}
1;0;12;inf;inf;{}
1;1;12;0;0;{}
1;2;12;0;2.5;{}
1;3;12;0;5.0;{}
1;4;12;64.89;7.5;{(1, 2): 0, (2, 9): 31.814999999999998, (2, 3): 0, (3, 4): 64.89}
1;5;12;64.25999999999999;7.5;{(1, 2): 0, (2, 9): 31.814999999999998, (2, 3): 0, (3, 4): 64.89, (3, 5): 64.25999999999999}
1;6;12;107.1;12.5;{(1, 2): 0, (2, 9): 31.814999999999998, (2, 3): 0, (3, 4): 64.89, (3, 5): 64.25999999999999, (4, 7): 12.915, (4, 8): 17.01, (5, 8): 16.695, (5, 10): 6.425999999999999, (8, 6): 26.145000000000003}
1;7;12;77.805;10.0;{(1, 2): 0, (2, 9): 31.814999999999998, (2, 3): 0, (3, 4): 64.89, (3, 5): 64.25999999999999, (4, 7): 12.915}
1;8;12;80.95499999999998;10.0;{(1, 2): 0, (2, 9): 31.814999999999998, (2, 3): 0, (3, 4): 64.89, (3, 5): 64.25999999999999, (4, 7): 12.915, (4, 8): 17.01}
1;9;12;31.814999999999998;5.0;{(1, 2): 0, (2, 9): 31.814999999999998}
1;10;12;35.721;7.5;{(1, 2): 0, (2, 9): 31.814999999999998, (2, 3): 0, (3, 4): 64.89, (3, 5): 64.25999999999999, (4, 7): 12.915, (4, 8): 17.01, (5, 8): 16.695, (5, 10): 6.425999999999999}
2;0;12;inf;inf;{}
2;1;12;inf;inf;{}
2;2;12;0;0;{}
2;3;12;0;2.5;{}
2;4;12;64.89;5.0;{(2, 9): 31.814999999999998, (2, 3): 0, (3, 4): 64.89}
2;5;12;64.25999999999999;5.0;{(2, 9): 31.814999999999998, (2, 3): 0, (3, 4): 64.89, (3, 5): 64.25999999999999}
2;6;12;107.1;10.0;{(2, 9): 31.814999999999998, (2, 3): 0, (3, 4): 64.89, (3, 5): 64.25999999999999, (4, 7): 12.915, (4, 8): 17.01, (5, 8): 16.695, (5, 10): 6.425999999999999, (8, 6): 26.145000000000003}
2;7;12;77.805;7.5;{(2, 9): 31.814999999999998, (2, 3): 0, (3, 4): 64.89, (3, 5): 64.25999999999999, (4, 7): 12.915}
2;8;12;80.95499999999998;7.5;{(2, 9): 31.814999999999998, (2, 3): 0, (3, 4): 64.89, (3, 5): 64.25999999999999, (4, 7): 12.915, (4, 8): 17.01}
2;9;12;31.814999999999998;2.5;{(2, 9): 31.814999999999998}
2;10;12;35.721;5.0;{(2, 9): 31.814999999999998, (2, 3): 0, (3, 4): 64.89, (3, 5): 64.25999999999999, (4, 7): 12.915, (4, 8): 17.01, (5, 8): 16.695, (5, 10): 6.425999999999999}
3;0;12;inf;inf;{}
3;1;12;inf;inf;{}
3;2;12;inf;inf;{}
3;3;12;0;0;{}
3;4;12;64.89;2.5;{(3, 4): 64.89}
3;5;12;64.25999999999999;2.5;{(3, 4): 64.89, (3, 5): 64.25999999999999}
3;6;12;107.1;7.5;{(3, 4): 64.89, (3, 5): 64.25999999999999, (4, 7): 12.915, (4, 8): 17.01, (5, 8): 16.695, (5, 9): 19.53, (5, 10): 6.425999999999999, (8, 6): 26.145000000000003}
3;7;12;77.805;5.0;{(3, 4): 64.89, (3, 5): 64.25999999999999, (4, 7): 12.915}
3;8;12;80.95499999999998;5.0;{(3, 4): 64.89, (3, 5): 64.25999999999999, (4, 7): 12.915, (4, 8): 17.01}
3;9;12;83.78999999999999;5.0;{(3, 4): 64.89, (3, 5): 64.25999999999999, (4, 7): 12.915, (4, 8): 17.01, (5, 8): 16.695, (5, 9): 19.53}
3;10;12;70.68599999999999;5.0;{(3, 4): 64.89, (3, 5): 64.25999999999999, (4, 7): 12.915, (4, 8): 17.01, (5, 8): 16.695, (5, 9): 19.53, (5, 10): 6.425999999999999}
4;0;12;inf;inf;{}
4;1;12;inf;inf;{}
4;2;12;inf;inf;{}
4;3;12;inf;inf;{}
4;4;12;0;0;{}
4;5;12;inf;inf;{}
4;6;12;43.155;5.0;{(4, 7): 12.915, (4, 8): 17.01, (8, 6): 26.145000000000003}
4;7;12;12.915;2.5;{(4, 7): 12.915}
4;8;12;17.01;2.5;{(4, 7): 12.915, (4, 8): 17.01}
4;9;12;inf;inf;{}
4;10;12;15.687;5.0;{(4, 7): 12.915, (4, 8): 17.01, (8, 6): 26.145000000000003, (6, 10): 1.638}
5;0;12;inf;inf;{}
5;1;12;inf;inf;{}
5;2;12;inf;inf;{}
5;3;12;inf;inf;{}
5;4;12;inf;inf;{}
5;5;12;0;0;{}
5;6;12;42.84;5.0;{(5, 8): 16.695, (5, 9): 19.53, (5, 10): 6.425999999999999, (8, 6): 26.145000000000003}
5;7;12;inf;inf;{}
5;8;12;16.695;2.5;{(5, 8): 16.695}
5;9;12;19.53;2.5;{(5, 8): 16.695, (5, 9): 19.53}
5;10;12;6.425999999999999;2.5;{(5, 8): 16.695, (5, 9): 19.53, (5, 10): 6.425999999999999}
6;0;12;inf;inf;{}
6;1;12;inf;inf;{}
6;2;12;inf;inf;{}
6;3;12;inf;inf;{}
6;4;12;inf;inf;{}
6;5;12;inf;inf;{}
6;6;12;0;0;{}
6;7;12;inf;inf;{}
6;8;12;inf;inf;{}
6;9;12;inf;inf;{}
6;10;12;1.638;2.5;{(6, 10): 1.638}
7;0;12;inf;inf;{}
7;1;12;inf;inf;{}
7;2;12;inf;inf;{}
7;3;12;inf;inf;{}
7;4;12;inf;inf;{}
7;5;12;inf;inf;{}
7;6;12;39.375;5.0;{(7, 8): 13.23, (7, 10): 2.7720000000000002, (8, 6): 26.145000000000003}
7;7;12;0;0;{}
7;8;12;13.23;2.5;{(7, 8): 13.23}
7;9;12;inf;inf;{}
7;10;12;2.7720000000000002;2.5;{(7, 8): 13.23, (7, 10): 2.7720000000000002}
8;0;12;inf;inf;{}
8;1;12;inf;inf;{}
8;2;12;inf;inf;{}
8;3;12;inf;inf;{}
8;4;12;inf;inf;{}
8;5;12;inf;inf;{}
8;6;12;26.145000000000003;2.5;{(8, 6): 26.145000000000003}
8;7;12;inf;inf;{}
8;8;12;0;0;{}
8;9;12;inf;inf;{}
8;10;12;6.678;2.5;{(8, 6): 26.145000000000003, (6, 10): 1.638}
9;0;12;inf;inf;{}
9;1;12;inf;inf;{}
9;2;12;inf;inf;{}
9;3;12;inf;inf;{}
9;4;12;inf;inf;{}
9;5;12;inf;inf;{}
9;6;12;inf;inf;{}
9;7;12;inf;inf;{}
9;8;12;inf;inf;{}
9;9;12;0;0;{}
9;10;12;3.906;2.5;{(9, 10): 3.906}
10;0;12;inf;inf;{}
10;1;12;inf;inf;{}
10;2;12;inf;inf;{}
10;3;12;inf;inf;{}
10;4;12;inf;inf;{}
10;5;12;inf;inf;{}
10;6;12;inf;inf;{}
10;7;12;inf;inf;{}
10;8;12;inf;inf;{}
10;9;12;inf;inf;{}
10;10;12;0;0;{}
